﻿<?xml version="1.0" encoding="utf-8"?><Publication xmlns:xsd="http://www.w3.org/2001/XMLSchema" xmlns:xsi="http://www.w3.org/2001/XMLSchema-instance" TimeStamp="2017-10-12T11:54:45.4878045+02:00"><Agendas><Agenda ID="MDR-2016-02836"><PublicationTypeAsValue>2</PublicationTypeAsValue><IsPublic>true</IsPublic><Frontpage><![CDATA[]]></Frontpage><Meeting><Members><MeetingMember><Name>Jeppe Kirkegaard</Name><Participate>0</Participate></MeetingMember><MeetingMember><Name>Tilde Ølholm</Name><Participate>0</Participate></MeetingMember><MeetingMember><Name>Peter Marker</Name><Participate>0</Participate></MeetingMember><MeetingMember><Name>Mona Olesen</Name><Participate>0</Participate></MeetingMember><MeetingMember><Name>Carl Brockdorff</Name><Participate>0</Participate></MeetingMember><MeetingMember><Name>Lone Jelle</Name><Participate>0</Participate></MeetingMember><MeetingMember><Name>Kasper Bang Nielsen</Name><Participate>0</Participate></MeetingMember><MeetingMember><Name>Anne Arndt Nielsen</Name><Participate>0</Participate></MeetingMember><MeetingMember><Name>Natascia Tacchini</Name><Participate>0</Participate></MeetingMember><MeetingMember><Name>Morten Kjeldsen Kusk</Name><Participate>0</Participate></MeetingMember><MeetingMember><Name>Katrine Rasmussen</Name><Participate>0</Participate></MeetingMember></Members><When>06-10-2016 13:00:00</When><Where>Rådhuset lokale 233</Where><Until>06-10-2016 15:00:00</Until></Meeting><Name>Mødesystemgruppen 06-10-2016</Name><Committee ID="MFO-2015-00001"><Name>Mødesystemgruppen</Name></Committee><Items><Item ID="1_case_MDR-2016-02836"><Caption>First Agenda</Caption><Enclosures /><IsPublic>true</IsPublic><Number>1</Number><IsExternal>false</IsExternal><ExternalFiles /><Fields><ItemField><Caption>First Agenda</Caption><Content><![CDATA[]]></Content><FieldTypeAsValue>1</FieldTypeAsValue><Index>1</Index></ItemField></Fields></Item><Item ID="2_case_MDR-2016-02836"><Caption>Status siden sidst</Caption><Enclosures /><IsPublic>true</IsPublic><Number>1.1</Number><IsExternal>false</IsExternal><ExternalFiles /><Fields><ItemField><Caption>Status siden sidst</Caption><Content><![CDATA[]]></Content><FieldTypeAsValue>1</FieldTypeAsValue><Index>1</Index></ItemField></Fields></Item><Item ID="9_case_MDR-2016-02836"><Caption>Status på udviklingsønsker</Caption><Enclosures /><IsPublic>true</IsPublic><Number>1.2</Number><IsExternal>false</IsExternal><ExternalFiles /><Fields><ItemField><Caption>Status på udviklingsønsker</Caption><Content><![CDATA[]]></Content><FieldTypeAsValue>1</FieldTypeAsValue><Index>1</Index></ItemField></Fields></Item><Item ID="3_case_MDR-2016-02836"><Caption>Besøg af First Agenda </Caption><Enclosures /><IsPublic>true</IsPublic><Number>1.3</Number><IsExternal>false</IsExternal><ExternalFiles /><Fields><ItemField><Caption>Besøg af First Agenda </Caption><Content><![CDATA[]]></Content><FieldTypeAsValue>1</FieldTypeAsValue><Index>1</Index></ItemField></Fields></Item><Item ID="8_case_MDR-2016-02836"><Caption>Plan for resten af året</Caption><Enclosures /><IsPublic>true</IsPublic><Number>1.4</Number><IsExternal>false</IsExternal><ExternalFiles /><Fields><ItemField><Caption>Plan for resten af året</Caption><Content><![CDATA[]]></Content><FieldTypeAsValue>1</FieldTypeAsValue><Index>1</Index></ItemField></Fields></Item><Item ID="4_case_MDR-2016-02836"><Caption>GetOrganized</Caption><Enclosures /><IsPublic>true</IsPublic><Number>2</Number><IsExternal>false</IsExternal><ExternalFiles /><Fields><ItemField><Caption>GetOrganized</Caption><Content><![CDATA[]]></Content><FieldTypeAsValue>1</FieldTypeAsValue><Index>1</Index></ItemField></Fields></Item><Item ID="5_case_MDR-2016-02836"><Caption>Status siden sidst</Caption><Enclosures /><IsPublic>true</IsPublic><Number>2.1</Number><IsExternal>false</IsExternal><ExternalFiles /><Fields><ItemField><Caption>Status siden sidst</Caption><Content><![CDATA[]]></Content><FieldTypeAsValue>1</FieldTypeAsValue><Index>1</Index></ItemField></Fields></Item><Item ID="7_case_MDR-2016-02836"><Caption>Plan for resten af året</Caption><Enclosures /><IsPublic>true</IsPublic><Number>2.2</Number><IsExternal>false</IsExternal><ExternalFiles /><Fields><ItemField><Caption>Plan for resten af året</Caption><Content><![CDATA[]]></Content><FieldTypeAsValue>1</FieldTypeAsValue><Index>1</Index></ItemField></Fields></Item><Item ID="6_case_MDR-2016-02836"><Caption>Status over udviklingsønsker</Caption><Enclosures /><IsPublic>true</IsPublic><Number>2.3</Number><IsExternal>false</IsExternal><ExternalFiles /><Fields><ItemField><Caption>Status over udviklingsønsker</Caption><Content><![CDATA[]]></Content><FieldTypeAsValue>1</FieldTypeAsValue><Index>1</Index></ItemField></Fields></Item><Item ID="10_case_MDR-2016-02836"><Caption>Eventuelt</Caption><Enclosures /><IsPublic>true</IsPublic><Number>3</Number><IsExternal>false</IsExternal><ExternalFiles /><Fields><ItemField><Caption>Eventuelt</Caption><Content><![CDATA[]]></Content><FieldTypeAsValue>1</FieldTypeAsValue><Index>1</Index></ItemField></Fields></Item><Item ID="00000000-0000-0000-0000-000000000000_Confidentia_case_MDR-2016-02836"><Caption>Lukket referat</Caption><Enclosures><Enclosure><FileName>Appendix_referat - åbent og lukket.pdf</FileName><Name>Referat - Åbent og Lukket</Name><Number>1</Number><IsPublic>false</IsPublic></Enclosure></Enclosures><IsPublic>false</IsPublic><Number>0</Number><IsExternal>false</IsExternal><ExternalFiles /><Fields><ItemField><Caption>Lukket referat</Caption><Content><![CDATA[]]></Content><FieldTypeAsValue>1</FieldTypeAsValue><Index>1</Index></ItemField></Fields></Item><Item ID="00000000-0000-0000-0000-000000000000_Public_case_MDR-2016-02836"><Caption>Åbent referat</Caption><Enclosures><Enclosure><FileName>Appendix_referat - åbent.pdf</FileName><Name>Referat - Åbent</Name><Number>1</Number><IsPublic>true</IsPublic></Enclosure></Enclosures><IsPublic>true</IsPublic><Number>0</Number><IsExternal>false</IsExternal><ExternalFiles /><Fields><ItemField><Caption>Åbent referat</Caption><Content><![CDATA[]]></Content><FieldTypeAsValue>1</FieldTypeAsValue><Index>1</Index></ItemField></Fields></Item></Items><Organisation>Tværgående møder</Organisation></Agenda></Agendas></Publication>