﻿<?xml version="1.0" encoding="utf-8" standalone="yes"?>
<Publication>
	<Published><![CDATA[07-05-2013 11:16:47]]></Published>
	<PublishedBy ID="11">
		<EmailAddress><![CDATA[vir@balk.dk]]></EmailAddress>
		<Name><![CDATA[Vibeke Romney Lauridsen]]></Name>
	</PublishedBy>
	<EnclosureFileNamePattern><![CDATA[{7}{4}]]></EnclosureFileNamePattern>
	<EnclosureInstantiationMethodAsValue><![CDATA[1]]></EnclosureInstantiationMethodAsValue>
	<EnclosureInstantiationMethodAsEnum><![CDATA[ToFile]]></EnclosureInstantiationMethodAsEnum>
	<EnclosureOutputPath><![CDATA[c:\publish\eDagsorden\Publication32\Enclosures]]></EnclosureOutputPath>
	<EnclosureUrlPattern></EnclosureUrlPattern>
	<Formatter><![CDATA[da]]></Formatter>
	<OutputFileName><![CDATA[Publication32.xml]]></OutputFileName>
	<OutputFileNameWithoutExtension><![CDATA[Publication32]]></OutputFileNameWithoutExtension>
	<OutputFilePath><![CDATA[c:\publish\eDagsorden\Publication32\Publication32.xml]]></OutputFilePath>
	<OutputPath><![CDATA[c:\publish\eDagsorden\Publication32]]></OutputPath>
	<RelativeEnclosureOutputPath><![CDATA[Enclosures]]></RelativeEnclosureOutputPath>
	<EnclosureImageUrl></EnclosureImageUrl>
	<PublicationTypeAsValue><![CDATA[1]]></PublicationTypeAsValue>
	<PublicationTypeAsEnum><![CDATA[Final]]></PublicationTypeAsEnum>
	<GeneratorSettings ID="24">
		<ShowCommittee><![CDATA[True]]></ShowCommittee>
		<ShowCommitteeMembers><![CDATA[True]]></ShowCommitteeMembers>
		<ShowEmptyFeedbackFields><![CDATA[True]]></ShowEmptyFeedbackFields>
		<ShowEmptyFields><![CDATA[False]]></ShowEmptyFields>
		<ShowFrontpage><![CDATA[True]]></ShowFrontpage>
		<ShowMeeting><![CDATA[True]]></ShowMeeting>
		<ShowMeetingMembers><![CDATA[True]]></ShowMeetingMembers>
		<ShowMeetingPlan><![CDATA[True]]></ShowMeetingPlan>
		<ShowTableOfContents><![CDATA[True]]></ShowTableOfContents>
		<ShowItemMembers><![CDATA[False]]></ShowItemMembers>
		<ShowItemMemberParticipation><![CDATA[False]]></ShowItemMemberParticipation>
	</GeneratorSettings>
	<Stylesheets />
	<Agendas>
		<Agenda ID="32">
			<Created><![CDATA[09-04-2013 14:17:18]]></Created>
			<CreatedBy ID="12">
				<EmailAddress><![CDATA[mfh@balk.dk]]></EmailAddress>
				<Name><![CDATA[Mai Førster Henriksen]]></Name>
			</CreatedBy>
			<Frontpage></Frontpage>
			<IsExtendedAgenda><![CDATA[False]]></IsExtendedAgenda>
			<IsItemsListLocked><![CDATA[False]]></IsItemsListLocked>
			<LastChanged><![CDATA[09-04-2013 14:17:18]]></LastChanged>
			<LastChangedBy ID="12">
				<EmailAddress><![CDATA[mfh@balk.dk]]></EmailAddress>
				<Name><![CDATA[Mai Førster Henriksen]]></Name>
			</LastChangedBy>
			<Meeting ID="26">
				<Concluded></Concluded>
				<ConcludedBy ID="0">
					<EmailAddress></EmailAddress>
					<Name></Name>
				</ConcludedBy>
				<Created><![CDATA[09-04-2013 14:17:07]]></Created>
				<CreatedBy ID="12">
					<EmailAddress><![CDATA[mfh@balk.dk]]></EmailAddress>
					<Name><![CDATA[Mai Førster Henriksen]]></Name>
				</CreatedBy>
				<IsCommitteeFutureMeeting><![CDATA[False]]></IsCommitteeFutureMeeting>
				<LifeStateAsValue><![CDATA[0]]></LifeStateAsValue>
				<LifeStateAsEnum><![CDATA[Live]]></LifeStateAsEnum>
				<LastChanged><![CDATA[09-04-2013 14:17:07]]></LastChanged>
				<LastChangedBy ID="12">
					<EmailAddress><![CDATA[mfh@balk.dk]]></EmailAddress>
					<Name><![CDATA[Mai Førster Henriksen]]></Name>
				</LastChangedBy>
				<Members>
					<MeetingMember ID="62">
						<ParticipationStatusAsValue><![CDATA[0]]></ParticipationStatusAsValue>
						<ParticipationStatusAsText><![CDATA[NotDecided]]></ParticipationStatusAsText>
						<ParticipationNote></ParticipationNote>
						<Name><![CDATA[Doris Børger (A)]]></Name>
						<EmailAddress><![CDATA[dbg@balk.dk]]></EmailAddress>
						<MeetingMemberRolesList></MeetingMemberRolesList>
						<MeetingMemberRoles />
						<Member ID="22">
							<EmailAddress><![CDATA[dbg@balk.dk]]></EmailAddress>
							<Name><![CDATA[Doris Børger (A)]]></Name>
						</Member>
					</MeetingMember>
					<MeetingMember ID="63">
						<ParticipationStatusAsValue><![CDATA[0]]></ParticipationStatusAsValue>
						<ParticipationStatusAsText><![CDATA[NotDecided]]></ParticipationStatusAsText>
						<ParticipationNote></ParticipationNote>
						<Name><![CDATA[Hanne Bahnsen]]></Name>
						<EmailAddress><![CDATA[hbk@balk.dk]]></EmailAddress>
						<MeetingMemberRolesList></MeetingMemberRolesList>
						<MeetingMemberRoles />
						<Member ID="44">
							<EmailAddress><![CDATA[hbk@balk.dk]]></EmailAddress>
							<Name><![CDATA[Hanne Bahnsen]]></Name>
						</Member>
					</MeetingMember>
					<MeetingMember ID="64">
						<ParticipationStatusAsValue><![CDATA[0]]></ParticipationStatusAsValue>
						<ParticipationStatusAsText><![CDATA[NotDecided]]></ParticipationStatusAsText>
						<ParticipationNote></ParticipationNote>
						<Name><![CDATA[Henrik Bolberg (A)]]></Name>
						<EmailAddress><![CDATA[hbo@balk.dk]]></EmailAddress>
						<MeetingMemberRolesList></MeetingMemberRolesList>
						<MeetingMemberRoles />
						<Member ID="13">
							<EmailAddress><![CDATA[hbo@balk.dk]]></EmailAddress>
							<Name><![CDATA[Henrik Bolberg (A)]]></Name>
						</Member>
					</MeetingMember>
					<MeetingMember ID="65">
						<ParticipationStatusAsValue><![CDATA[0]]></ParticipationStatusAsValue>
						<ParticipationStatusAsText><![CDATA[NotDecided]]></ParticipationStatusAsText>
						<ParticipationNote></ParticipationNote>
						<Name><![CDATA[John Madsen]]></Name>
						<EmailAddress><![CDATA[jma@balk.dk]]></EmailAddress>
						<MeetingMemberRolesList></MeetingMemberRolesList>
						<MeetingMemberRoles />
						<Member ID="45">
							<EmailAddress><![CDATA[jma@balk.dk]]></EmailAddress>
							<Name><![CDATA[John Madsen]]></Name>
						</Member>
					</MeetingMember>
					<MeetingMember ID="67">
						<ParticipationStatusAsValue><![CDATA[0]]></ParticipationStatusAsValue>
						<ParticipationStatusAsText><![CDATA[NotDecided]]></ParticipationStatusAsText>
						<ParticipationNote></ParticipationNote>
						<Name><![CDATA[Kåre Harder Olesen (V)]]></Name>
						<EmailAddress><![CDATA[kha@balk.dk]]></EmailAddress>
						<MeetingMemberRolesList></MeetingMemberRolesList>
						<MeetingMemberRoles />
						<Member ID="6">
							<EmailAddress><![CDATA[kha@balk.dk]]></EmailAddress>
							<Name><![CDATA[Kåre Harder Olesen (V)]]></Name>
						</Member>
					</MeetingMember>
					<MeetingMember ID="68">
						<ParticipationStatusAsValue><![CDATA[0]]></ParticipationStatusAsValue>
						<ParticipationStatusAsText><![CDATA[NotDecided]]></ParticipationStatusAsText>
						<ParticipationNote></ParticipationNote>
						<Name><![CDATA[Lolan Ottesen (A)]]></Name>
						<EmailAddress><![CDATA[loo@balk.dk]]></EmailAddress>
						<MeetingMemberRolesList></MeetingMemberRolesList>
						<MeetingMemberRoles />
						<Member ID="4">
							<EmailAddress><![CDATA[loo@balk.dk]]></EmailAddress>
							<Name><![CDATA[Lolan Ottesen (A)]]></Name>
						</Member>
					</MeetingMember>
					<MeetingMember ID="69">
						<ParticipationStatusAsValue><![CDATA[0]]></ParticipationStatusAsValue>
						<ParticipationStatusAsText><![CDATA[NotDecided]]></ParticipationStatusAsText>
						<ParticipationNote></ParticipationNote>
						<Name><![CDATA[Maria Lundahl Assov (A)]]></Name>
						<EmailAddress><![CDATA[mlu@balk.dk]]></EmailAddress>
						<MeetingMemberRolesList></MeetingMemberRolesList>
						<MeetingMemberRoles />
						<Member ID="24">
							<EmailAddress><![CDATA[mlu@balk.dk]]></EmailAddress>
							<Name><![CDATA[Maria Lundahl Assov (A)]]></Name>
						</Member>
					</MeetingMember>
					<MeetingMember ID="70">
						<ParticipationStatusAsValue><![CDATA[0]]></ParticipationStatusAsValue>
						<ParticipationStatusAsText><![CDATA[NotDecided]]></ParticipationStatusAsText>
						<ParticipationNote></ParticipationNote>
						<Name><![CDATA[Peter Als (A)]]></Name>
						<EmailAddress><![CDATA[pka@balk.dk]]></EmailAddress>
						<MeetingMemberRolesList></MeetingMemberRolesList>
						<MeetingMemberRoles />
						<Member ID="18">
							<EmailAddress><![CDATA[pka@balk.dk]]></EmailAddress>
							<Name><![CDATA[Peter Als (A)]]></Name>
						</Member>
					</MeetingMember>
					<MeetingMember ID="71">
						<ParticipationStatusAsValue><![CDATA[0]]></ParticipationStatusAsValue>
						<ParticipationStatusAsText><![CDATA[NotDecided]]></ParticipationStatusAsText>
						<ParticipationNote></ParticipationNote>
						<Name><![CDATA[Søren Krøigaard]]></Name>
						<EmailAddress><![CDATA[sor@balk.dk]]></EmailAddress>
						<MeetingMemberRolesList></MeetingMemberRolesList>
						<MeetingMemberRoles />
						<Member ID="31">
							<EmailAddress><![CDATA[sor@balk.dk]]></EmailAddress>
							<Name><![CDATA[Søren Krøigaard]]></Name>
						</Member>
					</MeetingMember>
					<MeetingMember ID="72">
						<ParticipationStatusAsValue><![CDATA[0]]></ParticipationStatusAsValue>
						<ParticipationStatusAsText><![CDATA[NotDecided]]></ParticipationStatusAsText>
						<ParticipationNote></ParticipationNote>
						<Name><![CDATA[Ulrik Falk-Sørensen (F)]]></Name>
						<EmailAddress><![CDATA[ufs@balk.dk]]></EmailAddress>
						<MeetingMemberRolesList></MeetingMemberRolesList>
						<MeetingMemberRoles />
						<Member ID="7">
							<EmailAddress><![CDATA[ufs@balk.dk]]></EmailAddress>
							<Name><![CDATA[Ulrik Falk-Sørensen (F)]]></Name>
						</Member>
					</MeetingMember>
					<MeetingMember ID="311">
						<ParticipationStatusAsValue><![CDATA[0]]></ParticipationStatusAsValue>
						<ParticipationStatusAsText><![CDATA[NotDecided]]></ParticipationStatusAsText>
						<ParticipationNote></ParticipationNote>
						<Name><![CDATA[Jytte Møller Christensen]]></Name>
						<EmailAddress><![CDATA[jmc@balk.dk]]></EmailAddress>
						<MeetingMemberRolesList></MeetingMemberRolesList>
						<MeetingMemberRoles />
						<Member ID="35">
							<EmailAddress><![CDATA[jmc@balk.dk]]></EmailAddress>
							<Name><![CDATA[Jytte Møller Christensen]]></Name>
						</Member>
					</MeetingMember>
				</Members>
				<When><![CDATA[15-05-2013 16:30:00]]></When>
				<Where><![CDATA[Mødecenter A, Lokale 3 på Ballerup Rådhus]]></Where>
				<Until><![CDATA[15-05-2013 18:00:00]]></Until>
			</Meeting>
			<Name><![CDATA[KMB IT-udvalget]]></Name>
			<NewItemsIsPublic><![CDATA[True]]></NewItemsIsPublic>
			<Committee ID="8">
				<CommitteeGroup ID="6">
					<Name><![CDATA[§ 17, stk. 4-udvalg]]></Name>
				</CommitteeGroup>
				<Members>
					<CommitteeMember ID="20">
						<Member ID="22">
							<EmailAddress><![CDATA[dbg@balk.dk]]></EmailAddress>
							<Name><![CDATA[Doris Børger (A)]]></Name>
						</Member>
					</CommitteeMember>
					<CommitteeMember ID="21">
						<Member ID="44">
							<EmailAddress><![CDATA[hbk@balk.dk]]></EmailAddress>
							<Name><![CDATA[Hanne Bahnsen]]></Name>
						</Member>
					</CommitteeMember>
					<CommitteeMember ID="22">
						<Member ID="13">
							<EmailAddress><![CDATA[hbo@balk.dk]]></EmailAddress>
							<Name><![CDATA[Henrik Bolberg (A)]]></Name>
						</Member>
					</CommitteeMember>
					<CommitteeMember ID="23">
						<Member ID="45">
							<EmailAddress><![CDATA[jma@balk.dk]]></EmailAddress>
							<Name><![CDATA[John Madsen]]></Name>
						</Member>
					</CommitteeMember>
					<CommitteeMember ID="24">
						<Member ID="35">
							<EmailAddress><![CDATA[jmc@balk.dk]]></EmailAddress>
							<Name><![CDATA[Jytte Møller Christensen]]></Name>
						</Member>
					</CommitteeMember>
					<CommitteeMember ID="25">
						<Member ID="6">
							<EmailAddress><![CDATA[kha@balk.dk]]></EmailAddress>
							<Name><![CDATA[Kåre Harder Olesen (V)]]></Name>
						</Member>
					</CommitteeMember>
					<CommitteeMember ID="26">
						<Member ID="4">
							<EmailAddress><![CDATA[loo@balk.dk]]></EmailAddress>
							<Name><![CDATA[Lolan Ottesen (A)]]></Name>
						</Member>
					</CommitteeMember>
					<CommitteeMember ID="27">
						<Member ID="24">
							<EmailAddress><![CDATA[mlu@balk.dk]]></EmailAddress>
							<Name><![CDATA[Maria Lundahl Assov (A)]]></Name>
						</Member>
					</CommitteeMember>
					<CommitteeMember ID="28">
						<Member ID="18">
							<EmailAddress><![CDATA[pka@balk.dk]]></EmailAddress>
							<Name><![CDATA[Peter Als (A)]]></Name>
						</Member>
					</CommitteeMember>
					<CommitteeMember ID="29">
						<Member ID="31">
							<EmailAddress><![CDATA[sor@balk.dk]]></EmailAddress>
							<Name><![CDATA[Søren Krøigaard]]></Name>
						</Member>
					</CommitteeMember>
					<CommitteeMember ID="30">
						<Member ID="7">
							<EmailAddress><![CDATA[ufs@balk.dk]]></EmailAddress>
							<Name><![CDATA[Ulrik Falk-Sørensen (F)]]></Name>
						</Member>
					</CommitteeMember>
				</Members>
				<Created><![CDATA[09-04-2013 12:53:30]]></Created>
				<CreatedBy ID="12">
					<EmailAddress><![CDATA[mfh@balk.dk]]></EmailAddress>
					<Name><![CDATA[Mai Førster Henriksen]]></Name>
				</CreatedBy>
				<DefaultMeetingPlace><![CDATA[Mødecenter A, Lokale 3 på Ballerup Rådhus]]></DefaultMeetingPlace>
				<DefaultMeetingTime><![CDATA[16:30]]></DefaultMeetingTime>
				<Description></Description>
				<GeneratorSettingsDraft ID="23">
					<ShowCommittee><![CDATA[True]]></ShowCommittee>
					<ShowCommitteeMembers><![CDATA[True]]></ShowCommitteeMembers>
					<ShowEmptyFeedbackFields><![CDATA[True]]></ShowEmptyFeedbackFields>
					<ShowEmptyFields><![CDATA[False]]></ShowEmptyFields>
					<ShowFrontpage><![CDATA[True]]></ShowFrontpage>
					<ShowMeeting><![CDATA[True]]></ShowMeeting>
					<ShowMeetingMembers><![CDATA[True]]></ShowMeetingMembers>
					<ShowMeetingPlan><![CDATA[True]]></ShowMeetingPlan>
					<ShowTableOfContents><![CDATA[True]]></ShowTableOfContents>
					<ShowItemMembers><![CDATA[False]]></ShowItemMembers>
					<ShowItemMemberParticipation><![CDATA[False]]></ShowItemMemberParticipation>
				</GeneratorSettingsDraft>
				<GeneratorSettingsFinal ID="24">
					<ShowCommittee><![CDATA[True]]></ShowCommittee>
					<ShowCommitteeMembers><![CDATA[True]]></ShowCommitteeMembers>
					<ShowEmptyFeedbackFields><![CDATA[True]]></ShowEmptyFeedbackFields>
					<ShowEmptyFields><![CDATA[False]]></ShowEmptyFields>
					<ShowFrontpage><![CDATA[True]]></ShowFrontpage>
					<ShowMeeting><![CDATA[True]]></ShowMeeting>
					<ShowMeetingMembers><![CDATA[True]]></ShowMeetingMembers>
					<ShowMeetingPlan><![CDATA[True]]></ShowMeetingPlan>
					<ShowTableOfContents><![CDATA[True]]></ShowTableOfContents>
					<ShowItemMembers><![CDATA[False]]></ShowItemMembers>
					<ShowItemMemberParticipation><![CDATA[False]]></ShowItemMemberParticipation>
				</GeneratorSettingsFinal>
				<GeneratorSettingsMinutes ID="25">
					<ShowCommittee><![CDATA[True]]></ShowCommittee>
					<ShowCommitteeMembers><![CDATA[True]]></ShowCommitteeMembers>
					<ShowEmptyFeedbackFields><![CDATA[True]]></ShowEmptyFeedbackFields>
					<ShowEmptyFields><![CDATA[False]]></ShowEmptyFields>
					<ShowFrontpage><![CDATA[True]]></ShowFrontpage>
					<ShowMeeting><![CDATA[True]]></ShowMeeting>
					<ShowMeetingMembers><![CDATA[True]]></ShowMeetingMembers>
					<ShowMeetingPlan><![CDATA[True]]></ShowMeetingPlan>
					<ShowTableOfContents><![CDATA[True]]></ShowTableOfContents>
					<ShowItemMembers><![CDATA[False]]></ShowItemMembers>
					<ShowItemMemberParticipation><![CDATA[False]]></ShowItemMemberParticipation>
				</GeneratorSettingsMinutes>
				<LastChanged><![CDATA[07-05-2013 10:32:12]]></LastChanged>
				<LastChangedBy ID="11">
					<EmailAddress><![CDATA[vir@balk.dk]]></EmailAddress>
					<Name><![CDATA[Vibeke Romney Lauridsen]]></Name>
				</LastChangedBy>
				<Name><![CDATA[KMB IT-udvalget]]></Name>
				<PeriodStart><![CDATA[01-01-2010 00:00:00]]></PeriodStart>
				<PeriodEnd><![CDATA[31-12-2013 00:00:00]]></PeriodEnd>
			</Committee>
			<Items>
				<Item ID="60">
					<Caption><![CDATA[Meddelelser]]></Caption>
					<Case ID="0">
						<Number></Number>
						<NumberAndTitle><![CDATA[ - ]]></NumberAndTitle>
						<Title></Title>
					</Case>
					<Created><![CDATA[09-04-2013 14:17:18]]></Created>
					<CreatedBy ID="12">
						<EmailAddress><![CDATA[mfh@balk.dk]]></EmailAddress>
						<Name><![CDATA[Mai Førster Henriksen]]></Name>
					</CreatedBy>
					<Enclosures />
					<IsPublic><![CDATA[True]]></IsPublic>
					<MeetingPrepationState><![CDATA[2]]></MeetingPrepationState>
					<MeetingPrepationStateAsEnum><![CDATA[Approved]]></MeetingPrepationStateAsEnum>
					<LastChanged><![CDATA[07-05-2013 09:38:28]]></LastChanged>
					<LastChangedBy ID="11">
						<EmailAddress><![CDATA[vir@balk.dk]]></EmailAddress>
						<Name><![CDATA[Vibeke Romney Lauridsen]]></Name>
					</LastChangedBy>
					<Number><![CDATA[1]]></Number>
					<MeetingPlans />
					<Fields>
						<ItemField ID="261">
							<Caption></Caption>
							<Created><![CDATA[09-04-2013 14:17:18]]></Created>
							<CreatedBy ID="12">
								<EmailAddress><![CDATA[mfh@balk.dk]]></EmailAddress>
								<Name><![CDATA[Mai Førster Henriksen]]></Name>
							</CreatedBy>
							<FieldTypeAsValue><![CDATA[3]]></FieldTypeAsValue>
							<FieldTypeAsEnum><![CDATA[Html]]></FieldTypeAsEnum>
							<HasContent><![CDATA[False]]></HasContent>
							<Index><![CDATA[1]]></Index>
							<IsContentRequired><![CDATA[False]]></IsContentRequired>
							<IsFeedback><![CDATA[False]]></IsFeedback>
							<LastChanged><![CDATA[07-05-2013 09:38:38]]></LastChanged>
							<LastChangedBy ID="11">
								<EmailAddress><![CDATA[vir@balk.dk]]></EmailAddress>
								<Name><![CDATA[Vibeke Romney Lauridsen]]></Name>
							</LastChangedBy>
							<Images />
							<Content></Content>
						</ItemField>
						<ItemField ID="262">
							<Caption><![CDATA[Beslutning]]></Caption>
							<Created><![CDATA[09-04-2013 14:17:18]]></Created>
							<CreatedBy ID="12">
								<EmailAddress><![CDATA[mfh@balk.dk]]></EmailAddress>
								<Name><![CDATA[Mai Førster Henriksen]]></Name>
							</CreatedBy>
							<FieldTypeAsValue><![CDATA[3]]></FieldTypeAsValue>
							<FieldTypeAsEnum><![CDATA[Html]]></FieldTypeAsEnum>
							<HasContent><![CDATA[False]]></HasContent>
							<Index><![CDATA[2]]></Index>
							<IsContentRequired><![CDATA[False]]></IsContentRequired>
							<IsFeedback><![CDATA[True]]></IsFeedback>
							<LastChanged><![CDATA[09-04-2013 14:17:18]]></LastChanged>
							<LastChangedBy ID="12">
								<EmailAddress><![CDATA[mfh@balk.dk]]></EmailAddress>
								<Name><![CDATA[Mai Førster Henriksen]]></Name>
							</LastChangedBy>
							<Images />
							<Content></Content>
						</ItemField>
					</Fields>
					<Members>
						<ItemMember ID="128" IsInvited="True">
							<ParticipationStatusAsValue><![CDATA[0]]></ParticipationStatusAsValue>
							<ParticipationStatusAsText><![CDATA[NotDecided]]></ParticipationStatusAsText>
							<ParticipationNote></ParticipationNote>
							<Name><![CDATA[Doris Børger (A)]]></Name>
							<EmailAddress><![CDATA[dbg@balk.dk]]></EmailAddress>
							<MeetingMemberRolesList></MeetingMemberRolesList>
							<IsInvited><![CDATA[True]]></IsInvited>
						</ItemMember>
						<ItemMember ID="129" IsInvited="True">
							<ParticipationStatusAsValue><![CDATA[0]]></ParticipationStatusAsValue>
							<ParticipationStatusAsText><![CDATA[NotDecided]]></ParticipationStatusAsText>
							<ParticipationNote></ParticipationNote>
							<Name><![CDATA[Hanne Bahnsen]]></Name>
							<EmailAddress><![CDATA[hbk@balk.dk]]></EmailAddress>
							<MeetingMemberRolesList></MeetingMemberRolesList>
							<IsInvited><![CDATA[True]]></IsInvited>
						</ItemMember>
						<ItemMember ID="130" IsInvited="True">
							<ParticipationStatusAsValue><![CDATA[0]]></ParticipationStatusAsValue>
							<ParticipationStatusAsText><![CDATA[NotDecided]]></ParticipationStatusAsText>
							<ParticipationNote></ParticipationNote>
							<Name><![CDATA[Henrik Bolberg (A)]]></Name>
							<EmailAddress><![CDATA[hbo@balk.dk]]></EmailAddress>
							<MeetingMemberRolesList></MeetingMemberRolesList>
							<IsInvited><![CDATA[True]]></IsInvited>
						</ItemMember>
						<ItemMember ID="131" IsInvited="True">
							<ParticipationStatusAsValue><![CDATA[0]]></ParticipationStatusAsValue>
							<ParticipationStatusAsText><![CDATA[NotDecided]]></ParticipationStatusAsText>
							<ParticipationNote></ParticipationNote>
							<Name><![CDATA[John Madsen]]></Name>
							<EmailAddress><![CDATA[jma@balk.dk]]></EmailAddress>
							<MeetingMemberRolesList></MeetingMemberRolesList>
							<IsInvited><![CDATA[True]]></IsInvited>
						</ItemMember>
						<ItemMember ID="899" IsInvited="True">
							<ParticipationStatusAsValue><![CDATA[0]]></ParticipationStatusAsValue>
							<ParticipationStatusAsText><![CDATA[NotDecided]]></ParticipationStatusAsText>
							<ParticipationNote></ParticipationNote>
							<Name><![CDATA[Jytte Møller Christensen]]></Name>
							<EmailAddress><![CDATA[jmc@balk.dk]]></EmailAddress>
							<MeetingMemberRolesList></MeetingMemberRolesList>
							<IsInvited><![CDATA[True]]></IsInvited>
						</ItemMember>
						<ItemMember ID="133" IsInvited="True">
							<ParticipationStatusAsValue><![CDATA[0]]></ParticipationStatusAsValue>
							<ParticipationStatusAsText><![CDATA[NotDecided]]></ParticipationStatusAsText>
							<ParticipationNote></ParticipationNote>
							<Name><![CDATA[Kåre Harder Olesen (V)]]></Name>
							<EmailAddress><![CDATA[kha@balk.dk]]></EmailAddress>
							<MeetingMemberRolesList></MeetingMemberRolesList>
							<IsInvited><![CDATA[True]]></IsInvited>
						</ItemMember>
						<ItemMember ID="134" IsInvited="True">
							<ParticipationStatusAsValue><![CDATA[0]]></ParticipationStatusAsValue>
							<ParticipationStatusAsText><![CDATA[NotDecided]]></ParticipationStatusAsText>
							<ParticipationNote></ParticipationNote>
							<Name><![CDATA[Lolan Ottesen (A)]]></Name>
							<EmailAddress><![CDATA[loo@balk.dk]]></EmailAddress>
							<MeetingMemberRolesList></MeetingMemberRolesList>
							<IsInvited><![CDATA[True]]></IsInvited>
						</ItemMember>
						<ItemMember ID="135" IsInvited="True">
							<ParticipationStatusAsValue><![CDATA[0]]></ParticipationStatusAsValue>
							<ParticipationStatusAsText><![CDATA[NotDecided]]></ParticipationStatusAsText>
							<ParticipationNote></ParticipationNote>
							<Name><![CDATA[Maria Lundahl Assov (A)]]></Name>
							<EmailAddress><![CDATA[mlu@balk.dk]]></EmailAddress>
							<MeetingMemberRolesList></MeetingMemberRolesList>
							<IsInvited><![CDATA[True]]></IsInvited>
						</ItemMember>
						<ItemMember ID="136" IsInvited="True">
							<ParticipationStatusAsValue><![CDATA[0]]></ParticipationStatusAsValue>
							<ParticipationStatusAsText><![CDATA[NotDecided]]></ParticipationStatusAsText>
							<ParticipationNote></ParticipationNote>
							<Name><![CDATA[Peter Als (A)]]></Name>
							<EmailAddress><![CDATA[pka@balk.dk]]></EmailAddress>
							<MeetingMemberRolesList></MeetingMemberRolesList>
							<IsInvited><![CDATA[True]]></IsInvited>
						</ItemMember>
						<ItemMember ID="137" IsInvited="True">
							<ParticipationStatusAsValue><![CDATA[0]]></ParticipationStatusAsValue>
							<ParticipationStatusAsText><![CDATA[NotDecided]]></ParticipationStatusAsText>
							<ParticipationNote></ParticipationNote>
							<Name><![CDATA[Søren Krøigaard]]></Name>
							<EmailAddress><![CDATA[sor@balk.dk]]></EmailAddress>
							<MeetingMemberRolesList></MeetingMemberRolesList>
							<IsInvited><![CDATA[True]]></IsInvited>
						</ItemMember>
						<ItemMember ID="138" IsInvited="True">
							<ParticipationStatusAsValue><![CDATA[0]]></ParticipationStatusAsValue>
							<ParticipationStatusAsText><![CDATA[NotDecided]]></ParticipationStatusAsText>
							<ParticipationNote></ParticipationNote>
							<Name><![CDATA[Ulrik Falk-Sørensen (F)]]></Name>
							<EmailAddress><![CDATA[ufs@balk.dk]]></EmailAddress>
							<MeetingMemberRolesList></MeetingMemberRolesList>
							<IsInvited><![CDATA[True]]></IsInvited>
						</ItemMember>
					</Members>
				</Item>
				<Item ID="112">
					<Caption><![CDATA[Oplæg til standard it-arbejdsplads for Kommunalbestyrelsens medlemmer i 2014-2018]]></Caption>
					<Case ID="0">
						<Number></Number>
						<NumberAndTitle><![CDATA[ - ]]></NumberAndTitle>
						<Title></Title>
					</Case>
					<Created><![CDATA[29-04-2013 13:42:42]]></Created>
					<CreatedBy ID="10">
						<EmailAddress><![CDATA[jbd@balk.dk]]></EmailAddress>
						<Name><![CDATA[Jette Brøndum]]></Name>
					</CreatedBy>
					<Enclosures />
					<IsPublic><![CDATA[True]]></IsPublic>
					<MeetingPrepationState><![CDATA[2]]></MeetingPrepationState>
					<MeetingPrepationStateAsEnum><![CDATA[Approved]]></MeetingPrepationStateAsEnum>
					<LastChanged><![CDATA[07-05-2013 10:33:51]]></LastChanged>
					<LastChangedBy ID="11">
						<EmailAddress><![CDATA[vir@balk.dk]]></EmailAddress>
						<Name><![CDATA[Vibeke Romney Lauridsen]]></Name>
					</LastChangedBy>
					<Number><![CDATA[2]]></Number>
					<MeetingPlans />
					<Fields>
						<ItemField ID="473">
							<Caption><![CDATA[Tidligere behandling]]></Caption>
							<Created><![CDATA[29-04-2013 13:42:42]]></Created>
							<CreatedBy ID="10">
								<EmailAddress><![CDATA[jbd@balk.dk]]></EmailAddress>
								<Name><![CDATA[Jette Brøndum]]></Name>
							</CreatedBy>
							<FieldTypeAsValue><![CDATA[3]]></FieldTypeAsValue>
							<FieldTypeAsEnum><![CDATA[Html]]></FieldTypeAsEnum>
							<HasContent><![CDATA[True]]></HasContent>
							<Index><![CDATA[1]]></Index>
							<IsContentRequired><![CDATA[False]]></IsContentRequired>
							<IsFeedback><![CDATA[False]]></IsFeedback>
							<LastChanged><![CDATA[07-05-2013 09:40:04]]></LastChanged>
							<LastChangedBy ID="11">
								<EmailAddress><![CDATA[vir@balk.dk]]></EmailAddress>
								<Name><![CDATA[Vibeke Romney Lauridsen]]></Name>
							</LastChangedBy>
							<Images />
							<Content><![CDATA[<p>
	<span face=""><span face="">KMB IT-udvalget den 5.&nbsp;december 2012 Punkt 3 </span></span></p>
]]></Content>
						</ItemField>
						<ItemField ID="474">
							<Caption><![CDATA[Sammendrag]]></Caption>
							<Created><![CDATA[29-04-2013 13:42:42]]></Created>
							<CreatedBy ID="10">
								<EmailAddress><![CDATA[jbd@balk.dk]]></EmailAddress>
								<Name><![CDATA[Jette Brøndum]]></Name>
							</CreatedBy>
							<FieldTypeAsValue><![CDATA[3]]></FieldTypeAsValue>
							<FieldTypeAsEnum><![CDATA[Html]]></FieldTypeAsEnum>
							<HasContent><![CDATA[True]]></HasContent>
							<Index><![CDATA[2]]></Index>
							<IsContentRequired><![CDATA[True]]></IsContentRequired>
							<IsFeedback><![CDATA[False]]></IsFeedback>
							<LastChanged><![CDATA[07-05-2013 09:40:40]]></LastChanged>
							<LastChangedBy ID="11">
								<EmailAddress><![CDATA[vir@balk.dk]]></EmailAddress>
								<Name><![CDATA[Vibeke Romney Lauridsen]]></Name>
							</LastChangedBy>
							<Images />
							<Content><![CDATA[<p>
	I forbindelse med tiltr&aelig;delsen af en ny kommunalbestyrelse pr. 1. januar 2014 skal der tages stilling til it-arbejdspladsudstyr. <span face="">KMB IT-udvalget &oslash;nsker at&nbsp;deltage i et pilotprojekt, hvor standardudstyret testes. Der skal tages stilling til, hvilket udstyr KMB IT-udvalget skal have stillet til r&aring;dighed til test.</span></p>
]]></Content>
						</ItemField>
						<ItemField ID="475">
							<Caption><![CDATA[Baggrund]]></Caption>
							<Created><![CDATA[29-04-2013 13:42:42]]></Created>
							<CreatedBy ID="10">
								<EmailAddress><![CDATA[jbd@balk.dk]]></EmailAddress>
								<Name><![CDATA[Jette Brøndum]]></Name>
							</CreatedBy>
							<FieldTypeAsValue><![CDATA[3]]></FieldTypeAsValue>
							<FieldTypeAsEnum><![CDATA[Html]]></FieldTypeAsEnum>
							<HasContent><![CDATA[True]]></HasContent>
							<Index><![CDATA[3]]></Index>
							<IsContentRequired><![CDATA[True]]></IsContentRequired>
							<IsFeedback><![CDATA[False]]></IsFeedback>
							<LastChanged><![CDATA[07-05-2013 09:52:44]]></LastChanged>
							<LastChangedBy ID="11">
								<EmailAddress><![CDATA[vir@balk.dk]]></EmailAddress>
								<Name><![CDATA[Vibeke Romney Lauridsen]]></Name>
							</LastChangedBy>
							<Images />
							<Content><![CDATA[<p>
	<span face=""><span face="">I dag best&aring;r standardarbejdspladsen af en b&aelig;rbar pc, lokal S/H printer, iPad med 3G. Der udbetales godtg&oslash;relse for brug af egen internetforbindelse og derudover stilles telefon til r&aring;dighed eller der udbetales godtg&oslash;relse for brug af egen telefon.</span></span></p>
<p>
	<span face="">Efter indf&oslash;relsen af eDagsorden p&aring; iPad er der sket &aelig;ndringer i behovet for it-arbejdsplads for medlemmerne af Kommunalbestyrelsen. Der skal derfor ske en dr&oslash;ftelse af praksis for bestykningen af arbejdspladsen. Center for It og Digitalisering &oslash;nsker at lade de enkelte kommunalbestyrelsesmedlemmer selv bestykke deres arbejdsplads og beslutte, om de udover iPad&#39;en &oslash;nsker en&nbsp;b&aelig;rbar pc og printer.</span></p>
]]></Content>
						</ItemField>
						<ItemField ID="476">
							<Caption><![CDATA[Sagsfremstilling]]></Caption>
							<Created><![CDATA[29-04-2013 13:42:42]]></Created>
							<CreatedBy ID="10">
								<EmailAddress><![CDATA[jbd@balk.dk]]></EmailAddress>
								<Name><![CDATA[Jette Brøndum]]></Name>
							</CreatedBy>
							<FieldTypeAsValue><![CDATA[3]]></FieldTypeAsValue>
							<FieldTypeAsEnum><![CDATA[Html]]></FieldTypeAsEnum>
							<HasContent><![CDATA[True]]></HasContent>
							<Index><![CDATA[4]]></Index>
							<IsContentRequired><![CDATA[True]]></IsContentRequired>
							<IsFeedback><![CDATA[False]]></IsFeedback>
							<LastChanged><![CDATA[07-05-2013 09:50:16]]></LastChanged>
							<LastChangedBy ID="11">
								<EmailAddress><![CDATA[vir@balk.dk]]></EmailAddress>
								<Name><![CDATA[Vibeke Romney Lauridsen]]></Name>
							</LastChangedBy>
							<Images />
							<Content><![CDATA[<p>
	<span face="">Pilottesten skal vise om en&nbsp;it-arbejdsplads for et kommunalbestyrelsesmedlem er tilstr&aelig;kkelig, n&aring;r denne ikke indeholder en b&aelig;rbar pc og testen skal ligeledes vise, om det&nbsp;</span><span face="">er&nbsp;relevant, at alle f&aring;r tilbud om en printer. </span></p>
<p>
	<span face=""><span face="">I pilottesten testes en&nbsp;arbejdsplads best&aring;ende af en iPad med 3G og tastatur samt en&nbsp;lokal S/H printer, der kan printe fra iPad.</span></span></p>
<p>
	<span face="">Adgang til netv&aelig;rk med fx Giraffen vil ske via VDI (virtuel arbejdsplads) og kan ske via iPad eller&nbsp;egen private&nbsp;PC/Mac. Det skal ligledes afpr&oslash;ves&nbsp;i pilottesten.</span></p>
<p>
	<span face="">Pilottest forventes igangsat fra m&oslash;der&aelig;kken i september 2013, s&aring;ledes at rammerne for en ny&nbsp;it-arbejdsplads for kommunalbestyrelsesmedlemmer er besluttet inden udgangen af november 2013. </span></p>
]]></Content>
						</ItemField>
						<ItemField ID="477">
							<Caption><![CDATA[Økonomiske konsekvenser og finansiering]]></Caption>
							<Created><![CDATA[29-04-2013 13:42:42]]></Created>
							<CreatedBy ID="10">
								<EmailAddress><![CDATA[jbd@balk.dk]]></EmailAddress>
								<Name><![CDATA[Jette Brøndum]]></Name>
							</CreatedBy>
							<FieldTypeAsValue><![CDATA[3]]></FieldTypeAsValue>
							<FieldTypeAsEnum><![CDATA[Html]]></FieldTypeAsEnum>
							<HasContent><![CDATA[True]]></HasContent>
							<Index><![CDATA[5]]></Index>
							<IsContentRequired><![CDATA[True]]></IsContentRequired>
							<IsFeedback><![CDATA[False]]></IsFeedback>
							<LastChanged><![CDATA[07-05-2013 10:33:51]]></LastChanged>
							<LastChangedBy ID="11">
								<EmailAddress><![CDATA[vir@balk.dk]]></EmailAddress>
								<Name><![CDATA[Vibeke Romney Lauridsen]]></Name>
							</LastChangedBy>
							<Images />
							<Content><![CDATA[<p>
	Opg&oslash;res ikke i nuv&aelig;rende sag.</p>
]]></Content>
						</ItemField>
						<ItemField ID="478">
							<Caption><![CDATA[Beslutningen træffes af]]></Caption>
							<Created><![CDATA[29-04-2013 13:42:42]]></Created>
							<CreatedBy ID="10">
								<EmailAddress><![CDATA[jbd@balk.dk]]></EmailAddress>
								<Name><![CDATA[Jette Brøndum]]></Name>
							</CreatedBy>
							<FieldTypeAsValue><![CDATA[3]]></FieldTypeAsValue>
							<FieldTypeAsEnum><![CDATA[Html]]></FieldTypeAsEnum>
							<HasContent><![CDATA[True]]></HasContent>
							<Index><![CDATA[6]]></Index>
							<IsContentRequired><![CDATA[True]]></IsContentRequired>
							<IsFeedback><![CDATA[False]]></IsFeedback>
							<LastChanged><![CDATA[07-05-2013 09:52:55]]></LastChanged>
							<LastChangedBy ID="11">
								<EmailAddress><![CDATA[vir@balk.dk]]></EmailAddress>
								<Name><![CDATA[Vibeke Romney Lauridsen]]></Name>
							</LastChangedBy>
							<Images />
							<Content><![CDATA[<p>
	KMB IT-udvalget</p>
]]></Content>
						</ItemField>
						<ItemField ID="479">
							<Caption><![CDATA[Indstilling]]></Caption>
							<Created><![CDATA[29-04-2013 13:42:42]]></Created>
							<CreatedBy ID="10">
								<EmailAddress><![CDATA[jbd@balk.dk]]></EmailAddress>
								<Name><![CDATA[Jette Brøndum]]></Name>
							</CreatedBy>
							<FieldTypeAsValue><![CDATA[3]]></FieldTypeAsValue>
							<FieldTypeAsEnum><![CDATA[Html]]></FieldTypeAsEnum>
							<HasContent><![CDATA[True]]></HasContent>
							<Index><![CDATA[7]]></Index>
							<IsContentRequired><![CDATA[True]]></IsContentRequired>
							<IsFeedback><![CDATA[False]]></IsFeedback>
							<LastChanged><![CDATA[07-05-2013 09:56:23]]></LastChanged>
							<LastChangedBy ID="11">
								<EmailAddress><![CDATA[vir@balk.dk]]></EmailAddress>
								<Name><![CDATA[Vibeke Romney Lauridsen]]></Name>
							</LastChangedBy>
							<Images />
							<Content><![CDATA[<p>
	Center&nbsp;for IT og Digitalisering&nbsp;indstiller, at</p>
<ol start="1" style="list-style-type: upper-alpha">
	<li>
		Gennemf&oslash;relse af pilottest for KMB IT-udvalgets medlemmer for en standard it-arbejdsplads for den kommende valgperiode&nbsp;godkendes.</li>
	<li>
		Pilottesten gennemf&oslash;res fra september til november 2013.</li>
</ol>
<p>
	&nbsp;</p>
]]></Content>
						</ItemField>
						<ItemField ID="480">
							<Caption><![CDATA[Beslutning]]></Caption>
							<Created><![CDATA[29-04-2013 13:42:42]]></Created>
							<CreatedBy ID="10">
								<EmailAddress><![CDATA[jbd@balk.dk]]></EmailAddress>
								<Name><![CDATA[Jette Brøndum]]></Name>
							</CreatedBy>
							<FieldTypeAsValue><![CDATA[3]]></FieldTypeAsValue>
							<FieldTypeAsEnum><![CDATA[Html]]></FieldTypeAsEnum>
							<HasContent><![CDATA[False]]></HasContent>
							<Index><![CDATA[8]]></Index>
							<IsContentRequired><![CDATA[False]]></IsContentRequired>
							<IsFeedback><![CDATA[True]]></IsFeedback>
							<LastChanged><![CDATA[29-04-2013 13:42:42]]></LastChanged>
							<LastChangedBy ID="10">
								<EmailAddress><![CDATA[jbd@balk.dk]]></EmailAddress>
								<Name><![CDATA[Jette Brøndum]]></Name>
							</LastChangedBy>
							<Images />
							<Content></Content>
						</ItemField>
					</Fields>
					<Members>
						<ItemMember ID="855" IsInvited="True">
							<ParticipationStatusAsValue><![CDATA[0]]></ParticipationStatusAsValue>
							<ParticipationStatusAsText><![CDATA[NotDecided]]></ParticipationStatusAsText>
							<ParticipationNote></ParticipationNote>
							<Name><![CDATA[Doris Børger (A)]]></Name>
							<EmailAddress><![CDATA[dbg@balk.dk]]></EmailAddress>
							<MeetingMemberRolesList></MeetingMemberRolesList>
							<IsInvited><![CDATA[True]]></IsInvited>
						</ItemMember>
						<ItemMember ID="856" IsInvited="True">
							<ParticipationStatusAsValue><![CDATA[0]]></ParticipationStatusAsValue>
							<ParticipationStatusAsText><![CDATA[NotDecided]]></ParticipationStatusAsText>
							<ParticipationNote></ParticipationNote>
							<Name><![CDATA[Hanne Bahnsen]]></Name>
							<EmailAddress><![CDATA[hbk@balk.dk]]></EmailAddress>
							<MeetingMemberRolesList></MeetingMemberRolesList>
							<IsInvited><![CDATA[True]]></IsInvited>
						</ItemMember>
						<ItemMember ID="857" IsInvited="True">
							<ParticipationStatusAsValue><![CDATA[0]]></ParticipationStatusAsValue>
							<ParticipationStatusAsText><![CDATA[NotDecided]]></ParticipationStatusAsText>
							<ParticipationNote></ParticipationNote>
							<Name><![CDATA[Henrik Bolberg (A)]]></Name>
							<EmailAddress><![CDATA[hbo@balk.dk]]></EmailAddress>
							<MeetingMemberRolesList></MeetingMemberRolesList>
							<IsInvited><![CDATA[True]]></IsInvited>
						</ItemMember>
						<ItemMember ID="858" IsInvited="True">
							<ParticipationStatusAsValue><![CDATA[0]]></ParticipationStatusAsValue>
							<ParticipationStatusAsText><![CDATA[NotDecided]]></ParticipationStatusAsText>
							<ParticipationNote></ParticipationNote>
							<Name><![CDATA[John Madsen]]></Name>
							<EmailAddress><![CDATA[jma@balk.dk]]></EmailAddress>
							<MeetingMemberRolesList></MeetingMemberRolesList>
							<IsInvited><![CDATA[True]]></IsInvited>
						</ItemMember>
						<ItemMember ID="900" IsInvited="True">
							<ParticipationStatusAsValue><![CDATA[0]]></ParticipationStatusAsValue>
							<ParticipationStatusAsText><![CDATA[NotDecided]]></ParticipationStatusAsText>
							<ParticipationNote></ParticipationNote>
							<Name><![CDATA[Jytte Møller Christensen]]></Name>
							<EmailAddress><![CDATA[jmc@balk.dk]]></EmailAddress>
							<MeetingMemberRolesList></MeetingMemberRolesList>
							<IsInvited><![CDATA[True]]></IsInvited>
						</ItemMember>
						<ItemMember ID="860" IsInvited="True">
							<ParticipationStatusAsValue><![CDATA[0]]></ParticipationStatusAsValue>
							<ParticipationStatusAsText><![CDATA[NotDecided]]></ParticipationStatusAsText>
							<ParticipationNote></ParticipationNote>
							<Name><![CDATA[Kåre Harder Olesen (V)]]></Name>
							<EmailAddress><![CDATA[kha@balk.dk]]></EmailAddress>
							<MeetingMemberRolesList></MeetingMemberRolesList>
							<IsInvited><![CDATA[True]]></IsInvited>
						</ItemMember>
						<ItemMember ID="861" IsInvited="True">
							<ParticipationStatusAsValue><![CDATA[0]]></ParticipationStatusAsValue>
							<ParticipationStatusAsText><![CDATA[NotDecided]]></ParticipationStatusAsText>
							<ParticipationNote></ParticipationNote>
							<Name><![CDATA[Lolan Ottesen (A)]]></Name>
							<EmailAddress><![CDATA[loo@balk.dk]]></EmailAddress>
							<MeetingMemberRolesList></MeetingMemberRolesList>
							<IsInvited><![CDATA[True]]></IsInvited>
						</ItemMember>
						<ItemMember ID="862" IsInvited="True">
							<ParticipationStatusAsValue><![CDATA[0]]></ParticipationStatusAsValue>
							<ParticipationStatusAsText><![CDATA[NotDecided]]></ParticipationStatusAsText>
							<ParticipationNote></ParticipationNote>
							<Name><![CDATA[Maria Lundahl Assov (A)]]></Name>
							<EmailAddress><![CDATA[mlu@balk.dk]]></EmailAddress>
							<MeetingMemberRolesList></MeetingMemberRolesList>
							<IsInvited><![CDATA[True]]></IsInvited>
						</ItemMember>
						<ItemMember ID="863" IsInvited="True">
							<ParticipationStatusAsValue><![CDATA[0]]></ParticipationStatusAsValue>
							<ParticipationStatusAsText><![CDATA[NotDecided]]></ParticipationStatusAsText>
							<ParticipationNote></ParticipationNote>
							<Name><![CDATA[Peter Als (A)]]></Name>
							<EmailAddress><![CDATA[pka@balk.dk]]></EmailAddress>
							<MeetingMemberRolesList></MeetingMemberRolesList>
							<IsInvited><![CDATA[True]]></IsInvited>
						</ItemMember>
						<ItemMember ID="864" IsInvited="True">
							<ParticipationStatusAsValue><![CDATA[0]]></ParticipationStatusAsValue>
							<ParticipationStatusAsText><![CDATA[NotDecided]]></ParticipationStatusAsText>
							<ParticipationNote></ParticipationNote>
							<Name><![CDATA[Søren Krøigaard]]></Name>
							<EmailAddress><![CDATA[sor@balk.dk]]></EmailAddress>
							<MeetingMemberRolesList></MeetingMemberRolesList>
							<IsInvited><![CDATA[True]]></IsInvited>
						</ItemMember>
						<ItemMember ID="865" IsInvited="True">
							<ParticipationStatusAsValue><![CDATA[0]]></ParticipationStatusAsValue>
							<ParticipationStatusAsText><![CDATA[NotDecided]]></ParticipationStatusAsText>
							<ParticipationNote></ParticipationNote>
							<Name><![CDATA[Ulrik Falk-Sørensen (F)]]></Name>
							<EmailAddress><![CDATA[ufs@balk.dk]]></EmailAddress>
							<MeetingMemberRolesList></MeetingMemberRolesList>
							<IsInvited><![CDATA[True]]></IsInvited>
						</ItemMember>
					</Members>
				</Item>
				<Item ID="113">
					<Caption><![CDATA[Indførelse af systemet SAPA (Sagsoverblik/Partskontakt)]]></Caption>
					<Case ID="0">
						<Number></Number>
						<NumberAndTitle><![CDATA[ - ]]></NumberAndTitle>
						<Title></Title>
					</Case>
					<Created><![CDATA[30-04-2013 15:10:59]]></Created>
					<CreatedBy ID="10">
						<EmailAddress><![CDATA[jbd@balk.dk]]></EmailAddress>
						<Name><![CDATA[Jette Brøndum]]></Name>
					</CreatedBy>
					<Enclosures>
						<Enclosure ID="7" ItemID="113" AgendaID="32" MeetingID="26" CommitteeID="8" CommitteeGroupID="6">
							<Case ID="0">
								<Number></Number>
								<NumberAndTitle><![CDATA[ - ]]></NumberAndTitle>
								<Title></Title>
							</Case>
							<Created><![CDATA[02-05-2013 13:58:46]]></Created>
							<CreatedBy ID="10">
								<EmailAddress><![CDATA[jbd@balk.dk]]></EmailAddress>
								<Name><![CDATA[Jette Brøndum]]></Name>
							</CreatedBy>
							<FileLength><![CDATA[94198]]></FileLength>
							<FileName><![CDATA[Brev fra KL til Kommunalbestyrelsen vedr Monopolbrud.pdf]]></FileName>
							<LastChanged><![CDATA[02-05-2013 13:58:46]]></LastChanged>
							<LastChangedBy ID="10">
								<EmailAddress><![CDATA[jbd@balk.dk]]></EmailAddress>
								<Name><![CDATA[Jette Brøndum]]></Name>
							</LastChangedBy>
							<Name><![CDATA[Brev fra KL til Kommunalbestyrelsen vedr Monopolbrud]]></Name>
							<Number><![CDATA[1]]></Number>
							<FileSize><![CDATA[91 KB]]></FileSize>
							<ItemNumber><![CDATA[3]]></ItemNumber>
							<Index><![CDATA[1]]></Index>
							<InstantiationFileName><![CDATA[1.pdf]]></InstantiationFileName>
							<InstantiationFilePath><![CDATA[c:\publish\eDagsorden\Publication32\Enclosures\1.pdf]]></InstantiationFilePath>
							<InstantiationFilePathRelative><![CDATA[Enclosures\1.pdf]]></InstantiationFilePathRelative>
							<DownloadUrl></DownloadUrl>
							<Data></Data>
						</Enclosure>
					</Enclosures>
					<IsPublic><![CDATA[True]]></IsPublic>
					<MeetingPrepationState><![CDATA[2]]></MeetingPrepationState>
					<MeetingPrepationStateAsEnum><![CDATA[Approved]]></MeetingPrepationStateAsEnum>
					<LastChanged><![CDATA[07-05-2013 10:35:09]]></LastChanged>
					<LastChangedBy ID="11">
						<EmailAddress><![CDATA[vir@balk.dk]]></EmailAddress>
						<Name><![CDATA[Vibeke Romney Lauridsen]]></Name>
					</LastChangedBy>
					<Number><![CDATA[3]]></Number>
					<MeetingPlans />
					<Fields>
						<ItemField ID="481">
							<Caption><![CDATA[Tidligere behandling]]></Caption>
							<Created><![CDATA[30-04-2013 15:10:59]]></Created>
							<CreatedBy ID="10">
								<EmailAddress><![CDATA[jbd@balk.dk]]></EmailAddress>
								<Name><![CDATA[Jette Brøndum]]></Name>
							</CreatedBy>
							<FieldTypeAsValue><![CDATA[3]]></FieldTypeAsValue>
							<FieldTypeAsEnum><![CDATA[Html]]></FieldTypeAsEnum>
							<HasContent><![CDATA[False]]></HasContent>
							<Index><![CDATA[1]]></Index>
							<IsContentRequired><![CDATA[False]]></IsContentRequired>
							<IsFeedback><![CDATA[False]]></IsFeedback>
							<LastChanged><![CDATA[03-05-2013 09:23:24]]></LastChanged>
							<LastChangedBy ID="11">
								<EmailAddress><![CDATA[vir@balk.dk]]></EmailAddress>
								<Name><![CDATA[Vibeke Romney Lauridsen]]></Name>
							</LastChangedBy>
							<Images />
							<Content></Content>
						</ItemField>
						<ItemField ID="482">
							<Caption><![CDATA[Sammendrag]]></Caption>
							<Created><![CDATA[30-04-2013 15:11:00]]></Created>
							<CreatedBy ID="10">
								<EmailAddress><![CDATA[jbd@balk.dk]]></EmailAddress>
								<Name><![CDATA[Jette Brøndum]]></Name>
							</CreatedBy>
							<FieldTypeAsValue><![CDATA[3]]></FieldTypeAsValue>
							<FieldTypeAsEnum><![CDATA[Html]]></FieldTypeAsEnum>
							<HasContent><![CDATA[True]]></HasContent>
							<Index><![CDATA[2]]></Index>
							<IsContentRequired><![CDATA[True]]></IsContentRequired>
							<IsFeedback><![CDATA[False]]></IsFeedback>
							<LastChanged><![CDATA[07-05-2013 09:59:01]]></LastChanged>
							<LastChangedBy ID="11">
								<EmailAddress><![CDATA[vir@balk.dk]]></EmailAddress>
								<Name><![CDATA[Vibeke Romney Lauridsen]]></Name>
							</LastChangedBy>
							<Images />
							<Content><![CDATA[<p>
	KOMBIT har udpeget en r&aelig;kke it-systemer fra KMD som v&aelig;rende monopolsystemer. Disse monopolsystemer skal over en &aring;rr&aelig;kke i udbud, for at f&aring; brudt KMD&#39;s monopol p&aring; disse it-systemer. Ballerup Kommune har i 2012 tilsluttet sig KOMBIT&#39;s gennemf&oslash;relse af disse udbud.</p>
]]></Content>
						</ItemField>
						<ItemField ID="483">
							<Caption><![CDATA[Baggrund]]></Caption>
							<Created><![CDATA[30-04-2013 15:11:00]]></Created>
							<CreatedBy ID="10">
								<EmailAddress><![CDATA[jbd@balk.dk]]></EmailAddress>
								<Name><![CDATA[Jette Brøndum]]></Name>
							</CreatedBy>
							<FieldTypeAsValue><![CDATA[3]]></FieldTypeAsValue>
							<FieldTypeAsEnum><![CDATA[Html]]></FieldTypeAsEnum>
							<HasContent><![CDATA[True]]></HasContent>
							<Index><![CDATA[3]]></Index>
							<IsContentRequired><![CDATA[True]]></IsContentRequired>
							<IsFeedback><![CDATA[False]]></IsFeedback>
							<LastChanged><![CDATA[07-05-2013 10:00:13]]></LastChanged>
							<LastChangedBy ID="11">
								<EmailAddress><![CDATA[vir@balk.dk]]></EmailAddress>
								<Name><![CDATA[Vibeke Romney Lauridsen]]></Name>
							</LastChangedBy>
							<Images />
							<Content><![CDATA[<p>
	For at sikre sig at monopolbruddet kan gennemf&oslash;res, skal alle 98 kommuner tilslutte sig. Med brevet fra KOMBIT&nbsp;af 3. januar 2013 informeres der om, at 74 kommuner har tilsluttet sig og flere forventes at komme p&aring; efterf&oslash;lgende. Tilslutningen g&aelig;lder for en 10-&aring;rig periode.</p>
<p>
	Monopolbruddet forventes at kunne give en omkostningsreduktion p&aring; op til 25 pct. for kommunerne, dog afh&aelig;ngigt af de faktiske KMD-priser for de enkelte kommuner. Nogle kommuner har bedre aftaler end andre for levering af de samme systemer.</p>
]]></Content>
						</ItemField>
						<ItemField ID="484">
							<Caption><![CDATA[Sagsfremstilling]]></Caption>
							<Created><![CDATA[30-04-2013 15:11:00]]></Created>
							<CreatedBy ID="10">
								<EmailAddress><![CDATA[jbd@balk.dk]]></EmailAddress>
								<Name><![CDATA[Jette Brøndum]]></Name>
							</CreatedBy>
							<FieldTypeAsValue><![CDATA[3]]></FieldTypeAsValue>
							<FieldTypeAsEnum><![CDATA[Html]]></FieldTypeAsEnum>
							<HasContent><![CDATA[True]]></HasContent>
							<Index><![CDATA[4]]></Index>
							<IsContentRequired><![CDATA[True]]></IsContentRequired>
							<IsFeedback><![CDATA[False]]></IsFeedback>
							<LastChanged><![CDATA[07-05-2013 10:35:09]]></LastChanged>
							<LastChangedBy ID="11">
								<EmailAddress><![CDATA[vir@balk.dk]]></EmailAddress>
								<Name><![CDATA[Vibeke Romney Lauridsen]]></Name>
							</LastChangedBy>
							<Images />
							<Content><![CDATA[<p>
	Det st&oslash;rste af udbuddene, der skal gennemf&oslash;res, er vedr&oslash;rende SAPA (Sagsoverblik/Partskontakt). SAPA er et infrastrukturprojekt, der skal erstatte KMD Sag og give&nbsp;den kommunale sagsbehandler hurtig adgang til centrale informationer og h&aelig;ndelser vedr&oslash;rende borgeren p&aring; tv&aelig;rs af kommunens fagsystemer.</p>
<p>
	Implementeringen af SAPA vil v&aelig;re omfattende, da der er tale om et system, der er tv&aelig;rg&aring;ende for store dele af organisationen og et system, der skal udveksle informationer med andre kommuner. I en periode p&aring; op til&nbsp;to &aring;r vil kommunerne skulle k&oslash;re med to systemer b&aring;de SAPA og KMD Sag, bl.a. fordi&nbsp;der skal etableres mange integrationer til fagsystemer, f&oslash;r SAPA er endeligt i drift.</p>
<p>
	I Ballerup Kommune er der ved at blive etableret en tv&aelig;rg&aring;ende organisering i forhold til projektet, som prim&aelig;rt vil blive drevet af KOMBIT.&nbsp;</p>
]]></Content>
						</ItemField>
						<ItemField ID="485">
							<Caption><![CDATA[Økonomiske konsekvenser og finansiering]]></Caption>
							<Created><![CDATA[30-04-2013 15:11:00]]></Created>
							<CreatedBy ID="10">
								<EmailAddress><![CDATA[jbd@balk.dk]]></EmailAddress>
								<Name><![CDATA[Jette Brøndum]]></Name>
							</CreatedBy>
							<FieldTypeAsValue><![CDATA[3]]></FieldTypeAsValue>
							<FieldTypeAsEnum><![CDATA[Html]]></FieldTypeAsEnum>
							<HasContent><![CDATA[True]]></HasContent>
							<Index><![CDATA[5]]></Index>
							<IsContentRequired><![CDATA[True]]></IsContentRequired>
							<IsFeedback><![CDATA[False]]></IsFeedback>
							<LastChanged><![CDATA[02-05-2013 14:16:49]]></LastChanged>
							<LastChangedBy ID="10">
								<EmailAddress><![CDATA[jbd@balk.dk]]></EmailAddress>
								<Name><![CDATA[Jette Brøndum]]></Name>
							</LastChangedBy>
							<Images />
							<Content><![CDATA[<p>
	De &oslash;konomiske konsekvenser af tilslutningen er endnu ikke kendt.</p>
]]></Content>
						</ItemField>
						<ItemField ID="486">
							<Caption><![CDATA[Beslutningen træffes af]]></Caption>
							<Created><![CDATA[30-04-2013 15:11:00]]></Created>
							<CreatedBy ID="10">
								<EmailAddress><![CDATA[jbd@balk.dk]]></EmailAddress>
								<Name><![CDATA[Jette Brøndum]]></Name>
							</CreatedBy>
							<FieldTypeAsValue><![CDATA[3]]></FieldTypeAsValue>
							<FieldTypeAsEnum><![CDATA[Html]]></FieldTypeAsEnum>
							<HasContent><![CDATA[True]]></HasContent>
							<Index><![CDATA[6]]></Index>
							<IsContentRequired><![CDATA[True]]></IsContentRequired>
							<IsFeedback><![CDATA[False]]></IsFeedback>
							<LastChanged><![CDATA[07-05-2013 10:01:55]]></LastChanged>
							<LastChangedBy ID="11">
								<EmailAddress><![CDATA[vir@balk.dk]]></EmailAddress>
								<Name><![CDATA[Vibeke Romney Lauridsen]]></Name>
							</LastChangedBy>
							<Images />
							<Content><![CDATA[<p>
	KMB IT-udvalget</p>
]]></Content>
						</ItemField>
						<ItemField ID="487">
							<Caption><![CDATA[Indstilling]]></Caption>
							<Created><![CDATA[30-04-2013 15:11:00]]></Created>
							<CreatedBy ID="10">
								<EmailAddress><![CDATA[jbd@balk.dk]]></EmailAddress>
								<Name><![CDATA[Jette Brøndum]]></Name>
							</CreatedBy>
							<FieldTypeAsValue><![CDATA[3]]></FieldTypeAsValue>
							<FieldTypeAsEnum><![CDATA[Html]]></FieldTypeAsEnum>
							<HasContent><![CDATA[True]]></HasContent>
							<Index><![CDATA[7]]></Index>
							<IsContentRequired><![CDATA[True]]></IsContentRequired>
							<IsFeedback><![CDATA[False]]></IsFeedback>
							<LastChanged><![CDATA[07-05-2013 10:02:35]]></LastChanged>
							<LastChangedBy ID="11">
								<EmailAddress><![CDATA[vir@balk.dk]]></EmailAddress>
								<Name><![CDATA[Vibeke Romney Lauridsen]]></Name>
							</LastChangedBy>
							<Images />
							<Content><![CDATA[<p>
	Center for&nbsp;It og Digitalisering indstiller, at</p>
<ol start="1" style="list-style-type: upper-alpha">
	<li>
		Indf&oslash;relse af systemet SAPA (Sagsoverblik/Partskontakt) dr&oslash;ftes.</li>
</ol>
]]></Content>
						</ItemField>
						<ItemField ID="488">
							<Caption><![CDATA[Beslutning]]></Caption>
							<Created><![CDATA[30-04-2013 15:11:00]]></Created>
							<CreatedBy ID="10">
								<EmailAddress><![CDATA[jbd@balk.dk]]></EmailAddress>
								<Name><![CDATA[Jette Brøndum]]></Name>
							</CreatedBy>
							<FieldTypeAsValue><![CDATA[3]]></FieldTypeAsValue>
							<FieldTypeAsEnum><![CDATA[Html]]></FieldTypeAsEnum>
							<HasContent><![CDATA[False]]></HasContent>
							<Index><![CDATA[8]]></Index>
							<IsContentRequired><![CDATA[False]]></IsContentRequired>
							<IsFeedback><![CDATA[True]]></IsFeedback>
							<LastChanged><![CDATA[30-04-2013 15:11:00]]></LastChanged>
							<LastChangedBy ID="10">
								<EmailAddress><![CDATA[jbd@balk.dk]]></EmailAddress>
								<Name><![CDATA[Jette Brøndum]]></Name>
							</LastChangedBy>
							<Images />
							<Content></Content>
						</ItemField>
					</Fields>
					<Members>
						<ItemMember ID="866" IsInvited="True">
							<ParticipationStatusAsValue><![CDATA[0]]></ParticipationStatusAsValue>
							<ParticipationStatusAsText><![CDATA[NotDecided]]></ParticipationStatusAsText>
							<ParticipationNote></ParticipationNote>
							<Name><![CDATA[Doris Børger (A)]]></Name>
							<EmailAddress><![CDATA[dbg@balk.dk]]></EmailAddress>
							<MeetingMemberRolesList></MeetingMemberRolesList>
							<IsInvited><![CDATA[True]]></IsInvited>
						</ItemMember>
						<ItemMember ID="867" IsInvited="True">
							<ParticipationStatusAsValue><![CDATA[0]]></ParticipationStatusAsValue>
							<ParticipationStatusAsText><![CDATA[NotDecided]]></ParticipationStatusAsText>
							<ParticipationNote></ParticipationNote>
							<Name><![CDATA[Hanne Bahnsen]]></Name>
							<EmailAddress><![CDATA[hbk@balk.dk]]></EmailAddress>
							<MeetingMemberRolesList></MeetingMemberRolesList>
							<IsInvited><![CDATA[True]]></IsInvited>
						</ItemMember>
						<ItemMember ID="868" IsInvited="True">
							<ParticipationStatusAsValue><![CDATA[0]]></ParticipationStatusAsValue>
							<ParticipationStatusAsText><![CDATA[NotDecided]]></ParticipationStatusAsText>
							<ParticipationNote></ParticipationNote>
							<Name><![CDATA[Henrik Bolberg (A)]]></Name>
							<EmailAddress><![CDATA[hbo@balk.dk]]></EmailAddress>
							<MeetingMemberRolesList></MeetingMemberRolesList>
							<IsInvited><![CDATA[True]]></IsInvited>
						</ItemMember>
						<ItemMember ID="869" IsInvited="True">
							<ParticipationStatusAsValue><![CDATA[0]]></ParticipationStatusAsValue>
							<ParticipationStatusAsText><![CDATA[NotDecided]]></ParticipationStatusAsText>
							<ParticipationNote></ParticipationNote>
							<Name><![CDATA[John Madsen]]></Name>
							<EmailAddress><![CDATA[jma@balk.dk]]></EmailAddress>
							<MeetingMemberRolesList></MeetingMemberRolesList>
							<IsInvited><![CDATA[True]]></IsInvited>
						</ItemMember>
						<ItemMember ID="901" IsInvited="True">
							<ParticipationStatusAsValue><![CDATA[0]]></ParticipationStatusAsValue>
							<ParticipationStatusAsText><![CDATA[NotDecided]]></ParticipationStatusAsText>
							<ParticipationNote></ParticipationNote>
							<Name><![CDATA[Jytte Møller Christensen]]></Name>
							<EmailAddress><![CDATA[jmc@balk.dk]]></EmailAddress>
							<MeetingMemberRolesList></MeetingMemberRolesList>
							<IsInvited><![CDATA[True]]></IsInvited>
						</ItemMember>
						<ItemMember ID="871" IsInvited="True">
							<ParticipationStatusAsValue><![CDATA[0]]></ParticipationStatusAsValue>
							<ParticipationStatusAsText><![CDATA[NotDecided]]></ParticipationStatusAsText>
							<ParticipationNote></ParticipationNote>
							<Name><![CDATA[Kåre Harder Olesen (V)]]></Name>
							<EmailAddress><![CDATA[kha@balk.dk]]></EmailAddress>
							<MeetingMemberRolesList></MeetingMemberRolesList>
							<IsInvited><![CDATA[True]]></IsInvited>
						</ItemMember>
						<ItemMember ID="872" IsInvited="True">
							<ParticipationStatusAsValue><![CDATA[0]]></ParticipationStatusAsValue>
							<ParticipationStatusAsText><![CDATA[NotDecided]]></ParticipationStatusAsText>
							<ParticipationNote></ParticipationNote>
							<Name><![CDATA[Lolan Ottesen (A)]]></Name>
							<EmailAddress><![CDATA[loo@balk.dk]]></EmailAddress>
							<MeetingMemberRolesList></MeetingMemberRolesList>
							<IsInvited><![CDATA[True]]></IsInvited>
						</ItemMember>
						<ItemMember ID="873" IsInvited="True">
							<ParticipationStatusAsValue><![CDATA[0]]></ParticipationStatusAsValue>
							<ParticipationStatusAsText><![CDATA[NotDecided]]></ParticipationStatusAsText>
							<ParticipationNote></ParticipationNote>
							<Name><![CDATA[Maria Lundahl Assov (A)]]></Name>
							<EmailAddress><![CDATA[mlu@balk.dk]]></EmailAddress>
							<MeetingMemberRolesList></MeetingMemberRolesList>
							<IsInvited><![CDATA[True]]></IsInvited>
						</ItemMember>
						<ItemMember ID="874" IsInvited="True">
							<ParticipationStatusAsValue><![CDATA[0]]></ParticipationStatusAsValue>
							<ParticipationStatusAsText><![CDATA[NotDecided]]></ParticipationStatusAsText>
							<ParticipationNote></ParticipationNote>
							<Name><![CDATA[Peter Als (A)]]></Name>
							<EmailAddress><![CDATA[pka@balk.dk]]></EmailAddress>
							<MeetingMemberRolesList></MeetingMemberRolesList>
							<IsInvited><![CDATA[True]]></IsInvited>
						</ItemMember>
						<ItemMember ID="875" IsInvited="True">
							<ParticipationStatusAsValue><![CDATA[0]]></ParticipationStatusAsValue>
							<ParticipationStatusAsText><![CDATA[NotDecided]]></ParticipationStatusAsText>
							<ParticipationNote></ParticipationNote>
							<Name><![CDATA[Søren Krøigaard]]></Name>
							<EmailAddress><![CDATA[sor@balk.dk]]></EmailAddress>
							<MeetingMemberRolesList></MeetingMemberRolesList>
							<IsInvited><![CDATA[True]]></IsInvited>
						</ItemMember>
						<ItemMember ID="876" IsInvited="True">
							<ParticipationStatusAsValue><![CDATA[0]]></ParticipationStatusAsValue>
							<ParticipationStatusAsText><![CDATA[NotDecided]]></ParticipationStatusAsText>
							<ParticipationNote></ParticipationNote>
							<Name><![CDATA[Ulrik Falk-Sørensen (F)]]></Name>
							<EmailAddress><![CDATA[ufs@balk.dk]]></EmailAddress>
							<MeetingMemberRolesList></MeetingMemberRolesList>
							<IsInvited><![CDATA[True]]></IsInvited>
						</ItemMember>
					</Members>
				</Item>
				<Item ID="114">
					<Caption><![CDATA[Regler for indkøb af it-udstyr]]></Caption>
					<Case ID="0">
						<Number></Number>
						<NumberAndTitle><![CDATA[ - ]]></NumberAndTitle>
						<Title></Title>
					</Case>
					<Created><![CDATA[02-05-2013 13:50:50]]></Created>
					<CreatedBy ID="10">
						<EmailAddress><![CDATA[jbd@balk.dk]]></EmailAddress>
						<Name><![CDATA[Jette Brøndum]]></Name>
					</CreatedBy>
					<Enclosures />
					<IsPublic><![CDATA[True]]></IsPublic>
					<MeetingPrepationState><![CDATA[2]]></MeetingPrepationState>
					<MeetingPrepationStateAsEnum><![CDATA[Approved]]></MeetingPrepationStateAsEnum>
					<LastChanged><![CDATA[07-05-2013 10:36:59]]></LastChanged>
					<LastChangedBy ID="11">
						<EmailAddress><![CDATA[vir@balk.dk]]></EmailAddress>
						<Name><![CDATA[Vibeke Romney Lauridsen]]></Name>
					</LastChangedBy>
					<Number><![CDATA[4]]></Number>
					<MeetingPlans />
					<Fields>
						<ItemField ID="489">
							<Caption><![CDATA[Tidligere behandling]]></Caption>
							<Created><![CDATA[02-05-2013 13:50:50]]></Created>
							<CreatedBy ID="10">
								<EmailAddress><![CDATA[jbd@balk.dk]]></EmailAddress>
								<Name><![CDATA[Jette Brøndum]]></Name>
							</CreatedBy>
							<FieldTypeAsValue><![CDATA[3]]></FieldTypeAsValue>
							<FieldTypeAsEnum><![CDATA[Html]]></FieldTypeAsEnum>
							<HasContent><![CDATA[False]]></HasContent>
							<Index><![CDATA[1]]></Index>
							<IsContentRequired><![CDATA[False]]></IsContentRequired>
							<IsFeedback><![CDATA[False]]></IsFeedback>
							<LastChanged><![CDATA[06-05-2013 10:37:29]]></LastChanged>
							<LastChangedBy ID="10">
								<EmailAddress><![CDATA[jbd@balk.dk]]></EmailAddress>
								<Name><![CDATA[Jette Brøndum]]></Name>
							</LastChangedBy>
							<Images />
							<Content></Content>
						</ItemField>
						<ItemField ID="490">
							<Caption><![CDATA[Sammendrag]]></Caption>
							<Created><![CDATA[02-05-2013 13:50:50]]></Created>
							<CreatedBy ID="10">
								<EmailAddress><![CDATA[jbd@balk.dk]]></EmailAddress>
								<Name><![CDATA[Jette Brøndum]]></Name>
							</CreatedBy>
							<FieldTypeAsValue><![CDATA[3]]></FieldTypeAsValue>
							<FieldTypeAsEnum><![CDATA[Html]]></FieldTypeAsEnum>
							<HasContent><![CDATA[True]]></HasContent>
							<Index><![CDATA[2]]></Index>
							<IsContentRequired><![CDATA[True]]></IsContentRequired>
							<IsFeedback><![CDATA[False]]></IsFeedback>
							<LastChanged><![CDATA[07-05-2013 10:05:33]]></LastChanged>
							<LastChangedBy ID="11">
								<EmailAddress><![CDATA[vir@balk.dk]]></EmailAddress>
								<Name><![CDATA[Vibeke Romney Lauridsen]]></Name>
							</LastChangedBy>
							<Images />
							<Content><![CDATA[<p>
	Ved indk&oslash;b af nyt it-udstyr, som ikke findes i servicekataloget, skal det p&aring;g&aelig;ldende center/sekretariat eller decentral enhed sikre sig, at der er tale om udstyr godkendt af Center for It og Digitalisering. P&aring; den m&aring;de sikres det, at it-udstyret er kendt i Asset Management-systemet, som&nbsp;styrer kommunens samlede beholdning af it-udstyr.</p>
]]></Content>
						</ItemField>
						<ItemField ID="491">
							<Caption><![CDATA[Baggrund]]></Caption>
							<Created><![CDATA[02-05-2013 13:50:50]]></Created>
							<CreatedBy ID="10">
								<EmailAddress><![CDATA[jbd@balk.dk]]></EmailAddress>
								<Name><![CDATA[Jette Brøndum]]></Name>
							</CreatedBy>
							<FieldTypeAsValue><![CDATA[3]]></FieldTypeAsValue>
							<FieldTypeAsEnum><![CDATA[Html]]></FieldTypeAsEnum>
							<HasContent><![CDATA[True]]></HasContent>
							<Index><![CDATA[3]]></Index>
							<IsContentRequired><![CDATA[True]]></IsContentRequired>
							<IsFeedback><![CDATA[False]]></IsFeedback>
							<LastChanged><![CDATA[07-05-2013 10:06:31]]></LastChanged>
							<LastChangedBy ID="11">
								<EmailAddress><![CDATA[vir@balk.dk]]></EmailAddress>
								<Name><![CDATA[Vibeke Romney Lauridsen]]></Name>
							</LastChangedBy>
							<Images />
							<Content><![CDATA[<p>
	Center for It og Digitalisering anvender Asset Management-systemet for at kunne&nbsp;skabe overblik over Ballerup Kommunes it-udstyr.</p>
]]></Content>
						</ItemField>
						<ItemField ID="492">
							<Caption><![CDATA[Sagsfremstilling]]></Caption>
							<Created><![CDATA[02-05-2013 13:50:50]]></Created>
							<CreatedBy ID="10">
								<EmailAddress><![CDATA[jbd@balk.dk]]></EmailAddress>
								<Name><![CDATA[Jette Brøndum]]></Name>
							</CreatedBy>
							<FieldTypeAsValue><![CDATA[3]]></FieldTypeAsValue>
							<FieldTypeAsEnum><![CDATA[Html]]></FieldTypeAsEnum>
							<HasContent><![CDATA[True]]></HasContent>
							<Index><![CDATA[4]]></Index>
							<IsContentRequired><![CDATA[True]]></IsContentRequired>
							<IsFeedback><![CDATA[False]]></IsFeedback>
							<LastChanged><![CDATA[07-05-2013 10:36:59]]></LastChanged>
							<LastChangedBy ID="11">
								<EmailAddress><![CDATA[vir@balk.dk]]></EmailAddress>
								<Name><![CDATA[Vibeke Romney Lauridsen]]></Name>
							</LastChangedBy>
							<Images />
							<Content><![CDATA[<p>
	I forhold til indk&oslash;b af it-udstyr opleves der begr&aelig;nsninger i forhold til hvilket it-udstyr, der m&aring; indk&oslash;bes, og hvorn&aring;r dette kan indk&oslash;bes. Dette skyldes regler som Center for It og Digitalisering har indf&oslash;rt for at sikre sig, at kun godkendt udstyr kobles til netv&aelig;rket og for at sikre, at der altid&nbsp;er overblik over, hvor meget it-udstyr kommunen har.</p>
<p>
	I forhold til overblikket over kommunens udstyr k&oslash;rer Center for It og Digitalisering Asset Management-systemet, der anvendes til at registrere alle enheder indk&oslash;bt i Ballerup Kommune. F&oslash;rst n&aring;r Asset Management-systemet er sat op til nye enheder, kan disse indk&oslash;bes. Med de mange nye mobile enheder, der kommer frem og er anvendelige decentralt fx p&aring; skole- og daginstitutionsomr&aring;det, er det n&oslash;dvendigt at afvente ops&aelig;tning i Asset Management f&oslash;r indk&oslash;bet foretages, og dette kan virke begr&aelig;nsende for en decentral institution. Center for It og Digitalisering bestr&aelig;ber sig p&aring;, at oprettelsen i Asset Management sker s&aring; hurtigt som muligt umiddelbart efter &oslash;nsket om indk&oslash;b af nyt it-udstyr er kendt. Dette er oplyst til de decentrale enheder.</p>
]]></Content>
						</ItemField>
						<ItemField ID="493">
							<Caption><![CDATA[Økonomiske konsekvenser og finansiering]]></Caption>
							<Created><![CDATA[02-05-2013 13:50:50]]></Created>
							<CreatedBy ID="10">
								<EmailAddress><![CDATA[jbd@balk.dk]]></EmailAddress>
								<Name><![CDATA[Jette Brøndum]]></Name>
							</CreatedBy>
							<FieldTypeAsValue><![CDATA[3]]></FieldTypeAsValue>
							<FieldTypeAsEnum><![CDATA[Html]]></FieldTypeAsEnum>
							<HasContent><![CDATA[True]]></HasContent>
							<Index><![CDATA[5]]></Index>
							<IsContentRequired><![CDATA[True]]></IsContentRequired>
							<IsFeedback><![CDATA[False]]></IsFeedback>
							<LastChanged><![CDATA[07-05-2013 10:09:59]]></LastChanged>
							<LastChangedBy ID="11">
								<EmailAddress><![CDATA[vir@balk.dk]]></EmailAddress>
								<Name><![CDATA[Vibeke Romney Lauridsen]]></Name>
							</LastChangedBy>
							<Images />
							<Content><![CDATA[<p>
	Ingen &oslash;konomiske konsekvenser</p>
]]></Content>
						</ItemField>
						<ItemField ID="494">
							<Caption><![CDATA[Beslutningen træffes af]]></Caption>
							<Created><![CDATA[02-05-2013 13:50:50]]></Created>
							<CreatedBy ID="10">
								<EmailAddress><![CDATA[jbd@balk.dk]]></EmailAddress>
								<Name><![CDATA[Jette Brøndum]]></Name>
							</CreatedBy>
							<FieldTypeAsValue><![CDATA[3]]></FieldTypeAsValue>
							<FieldTypeAsEnum><![CDATA[Html]]></FieldTypeAsEnum>
							<HasContent><![CDATA[True]]></HasContent>
							<Index><![CDATA[6]]></Index>
							<IsContentRequired><![CDATA[True]]></IsContentRequired>
							<IsFeedback><![CDATA[False]]></IsFeedback>
							<LastChanged><![CDATA[07-05-2013 10:10:05]]></LastChanged>
							<LastChangedBy ID="11">
								<EmailAddress><![CDATA[vir@balk.dk]]></EmailAddress>
								<Name><![CDATA[Vibeke Romney Lauridsen]]></Name>
							</LastChangedBy>
							<Images />
							<Content><![CDATA[<p>
	KMB IT-udvalget</p>
]]></Content>
						</ItemField>
						<ItemField ID="495">
							<Caption><![CDATA[Indstilling]]></Caption>
							<Created><![CDATA[02-05-2013 13:50:50]]></Created>
							<CreatedBy ID="10">
								<EmailAddress><![CDATA[jbd@balk.dk]]></EmailAddress>
								<Name><![CDATA[Jette Brøndum]]></Name>
							</CreatedBy>
							<FieldTypeAsValue><![CDATA[3]]></FieldTypeAsValue>
							<FieldTypeAsEnum><![CDATA[Html]]></FieldTypeAsEnum>
							<HasContent><![CDATA[True]]></HasContent>
							<Index><![CDATA[7]]></Index>
							<IsContentRequired><![CDATA[True]]></IsContentRequired>
							<IsFeedback><![CDATA[False]]></IsFeedback>
							<LastChanged><![CDATA[07-05-2013 10:10:24]]></LastChanged>
							<LastChangedBy ID="11">
								<EmailAddress><![CDATA[vir@balk.dk]]></EmailAddress>
								<Name><![CDATA[Vibeke Romney Lauridsen]]></Name>
							</LastChangedBy>
							<Images />
							<Content><![CDATA[<p>
	Center for&nbsp;It og Digitalisering indstiller, at</p>
<ol start="1" style="list-style-type: upper-alpha">
	<li>
		Regler&nbsp;for indk&oslash;b af it-udstyr tages til efterretning.</li>
</ol>
<p>
	&nbsp;</p>
]]></Content>
						</ItemField>
						<ItemField ID="496">
							<Caption><![CDATA[Beslutning]]></Caption>
							<Created><![CDATA[02-05-2013 13:50:50]]></Created>
							<CreatedBy ID="10">
								<EmailAddress><![CDATA[jbd@balk.dk]]></EmailAddress>
								<Name><![CDATA[Jette Brøndum]]></Name>
							</CreatedBy>
							<FieldTypeAsValue><![CDATA[3]]></FieldTypeAsValue>
							<FieldTypeAsEnum><![CDATA[Html]]></FieldTypeAsEnum>
							<HasContent><![CDATA[False]]></HasContent>
							<Index><![CDATA[8]]></Index>
							<IsContentRequired><![CDATA[False]]></IsContentRequired>
							<IsFeedback><![CDATA[True]]></IsFeedback>
							<LastChanged><![CDATA[02-05-2013 13:50:50]]></LastChanged>
							<LastChangedBy ID="10">
								<EmailAddress><![CDATA[jbd@balk.dk]]></EmailAddress>
								<Name><![CDATA[Jette Brøndum]]></Name>
							</LastChangedBy>
							<Images />
							<Content></Content>
						</ItemField>
					</Fields>
					<Members>
						<ItemMember ID="877" IsInvited="True">
							<ParticipationStatusAsValue><![CDATA[0]]></ParticipationStatusAsValue>
							<ParticipationStatusAsText><![CDATA[NotDecided]]></ParticipationStatusAsText>
							<ParticipationNote></ParticipationNote>
							<Name><![CDATA[Doris Børger (A)]]></Name>
							<EmailAddress><![CDATA[dbg@balk.dk]]></EmailAddress>
							<MeetingMemberRolesList></MeetingMemberRolesList>
							<IsInvited><![CDATA[True]]></IsInvited>
						</ItemMember>
						<ItemMember ID="878" IsInvited="True">
							<ParticipationStatusAsValue><![CDATA[0]]></ParticipationStatusAsValue>
							<ParticipationStatusAsText><![CDATA[NotDecided]]></ParticipationStatusAsText>
							<ParticipationNote></ParticipationNote>
							<Name><![CDATA[Hanne Bahnsen]]></Name>
							<EmailAddress><![CDATA[hbk@balk.dk]]></EmailAddress>
							<MeetingMemberRolesList></MeetingMemberRolesList>
							<IsInvited><![CDATA[True]]></IsInvited>
						</ItemMember>
						<ItemMember ID="879" IsInvited="True">
							<ParticipationStatusAsValue><![CDATA[0]]></ParticipationStatusAsValue>
							<ParticipationStatusAsText><![CDATA[NotDecided]]></ParticipationStatusAsText>
							<ParticipationNote></ParticipationNote>
							<Name><![CDATA[Henrik Bolberg (A)]]></Name>
							<EmailAddress><![CDATA[hbo@balk.dk]]></EmailAddress>
							<MeetingMemberRolesList></MeetingMemberRolesList>
							<IsInvited><![CDATA[True]]></IsInvited>
						</ItemMember>
						<ItemMember ID="880" IsInvited="True">
							<ParticipationStatusAsValue><![CDATA[0]]></ParticipationStatusAsValue>
							<ParticipationStatusAsText><![CDATA[NotDecided]]></ParticipationStatusAsText>
							<ParticipationNote></ParticipationNote>
							<Name><![CDATA[John Madsen]]></Name>
							<EmailAddress><![CDATA[jma@balk.dk]]></EmailAddress>
							<MeetingMemberRolesList></MeetingMemberRolesList>
							<IsInvited><![CDATA[True]]></IsInvited>
						</ItemMember>
						<ItemMember ID="902" IsInvited="True">
							<ParticipationStatusAsValue><![CDATA[0]]></ParticipationStatusAsValue>
							<ParticipationStatusAsText><![CDATA[NotDecided]]></ParticipationStatusAsText>
							<ParticipationNote></ParticipationNote>
							<Name><![CDATA[Jytte Møller Christensen]]></Name>
							<EmailAddress><![CDATA[jmc@balk.dk]]></EmailAddress>
							<MeetingMemberRolesList></MeetingMemberRolesList>
							<IsInvited><![CDATA[True]]></IsInvited>
						</ItemMember>
						<ItemMember ID="882" IsInvited="True">
							<ParticipationStatusAsValue><![CDATA[0]]></ParticipationStatusAsValue>
							<ParticipationStatusAsText><![CDATA[NotDecided]]></ParticipationStatusAsText>
							<ParticipationNote></ParticipationNote>
							<Name><![CDATA[Kåre Harder Olesen (V)]]></Name>
							<EmailAddress><![CDATA[kha@balk.dk]]></EmailAddress>
							<MeetingMemberRolesList></MeetingMemberRolesList>
							<IsInvited><![CDATA[True]]></IsInvited>
						</ItemMember>
						<ItemMember ID="883" IsInvited="True">
							<ParticipationStatusAsValue><![CDATA[0]]></ParticipationStatusAsValue>
							<ParticipationStatusAsText><![CDATA[NotDecided]]></ParticipationStatusAsText>
							<ParticipationNote></ParticipationNote>
							<Name><![CDATA[Lolan Ottesen (A)]]></Name>
							<EmailAddress><![CDATA[loo@balk.dk]]></EmailAddress>
							<MeetingMemberRolesList></MeetingMemberRolesList>
							<IsInvited><![CDATA[True]]></IsInvited>
						</ItemMember>
						<ItemMember ID="884" IsInvited="True">
							<ParticipationStatusAsValue><![CDATA[0]]></ParticipationStatusAsValue>
							<ParticipationStatusAsText><![CDATA[NotDecided]]></ParticipationStatusAsText>
							<ParticipationNote></ParticipationNote>
							<Name><![CDATA[Maria Lundahl Assov (A)]]></Name>
							<EmailAddress><![CDATA[mlu@balk.dk]]></EmailAddress>
							<MeetingMemberRolesList></MeetingMemberRolesList>
							<IsInvited><![CDATA[True]]></IsInvited>
						</ItemMember>
						<ItemMember ID="885" IsInvited="True">
							<ParticipationStatusAsValue><![CDATA[0]]></ParticipationStatusAsValue>
							<ParticipationStatusAsText><![CDATA[NotDecided]]></ParticipationStatusAsText>
							<ParticipationNote></ParticipationNote>
							<Name><![CDATA[Peter Als (A)]]></Name>
							<EmailAddress><![CDATA[pka@balk.dk]]></EmailAddress>
							<MeetingMemberRolesList></MeetingMemberRolesList>
							<IsInvited><![CDATA[True]]></IsInvited>
						</ItemMember>
						<ItemMember ID="886" IsInvited="True">
							<ParticipationStatusAsValue><![CDATA[0]]></ParticipationStatusAsValue>
							<ParticipationStatusAsText><![CDATA[NotDecided]]></ParticipationStatusAsText>
							<ParticipationNote></ParticipationNote>
							<Name><![CDATA[Søren Krøigaard]]></Name>
							<EmailAddress><![CDATA[sor@balk.dk]]></EmailAddress>
							<MeetingMemberRolesList></MeetingMemberRolesList>
							<IsInvited><![CDATA[True]]></IsInvited>
						</ItemMember>
						<ItemMember ID="887" IsInvited="True">
							<ParticipationStatusAsValue><![CDATA[0]]></ParticipationStatusAsValue>
							<ParticipationStatusAsText><![CDATA[NotDecided]]></ParticipationStatusAsText>
							<ParticipationNote></ParticipationNote>
							<Name><![CDATA[Ulrik Falk-Sørensen (F)]]></Name>
							<EmailAddress><![CDATA[ufs@balk.dk]]></EmailAddress>
							<MeetingMemberRolesList></MeetingMemberRolesList>
							<IsInvited><![CDATA[True]]></IsInvited>
						</ItemMember>
					</Members>
				</Item>
				<Item ID="115">
					<Caption><![CDATA[Status på eDagsorden]]></Caption>
					<Case ID="0">
						<Number></Number>
						<NumberAndTitle><![CDATA[ - ]]></NumberAndTitle>
						<Title></Title>
					</Case>
					<Created><![CDATA[03-05-2013 09:16:18]]></Created>
					<CreatedBy ID="11">
						<EmailAddress><![CDATA[vir@balk.dk]]></EmailAddress>
						<Name><![CDATA[Vibeke Romney Lauridsen]]></Name>
					</CreatedBy>
					<Enclosures />
					<IsPublic><![CDATA[True]]></IsPublic>
					<MeetingPrepationState><![CDATA[2]]></MeetingPrepationState>
					<MeetingPrepationStateAsEnum><![CDATA[Approved]]></MeetingPrepationStateAsEnum>
					<LastChanged><![CDATA[03-05-2013 13:14:51]]></LastChanged>
					<LastChangedBy ID="11">
						<EmailAddress><![CDATA[vir@balk.dk]]></EmailAddress>
						<Name><![CDATA[Vibeke Romney Lauridsen]]></Name>
					</LastChangedBy>
					<Number><![CDATA[5]]></Number>
					<MeetingPlans />
					<Fields>
						<ItemField ID="497">
							<Caption><![CDATA[Tidligere behandling]]></Caption>
							<Created><![CDATA[03-05-2013 09:16:18]]></Created>
							<CreatedBy ID="11">
								<EmailAddress><![CDATA[vir@balk.dk]]></EmailAddress>
								<Name><![CDATA[Vibeke Romney Lauridsen]]></Name>
							</CreatedBy>
							<FieldTypeAsValue><![CDATA[3]]></FieldTypeAsValue>
							<FieldTypeAsEnum><![CDATA[Html]]></FieldTypeAsEnum>
							<HasContent><![CDATA[False]]></HasContent>
							<Index><![CDATA[1]]></Index>
							<IsContentRequired><![CDATA[False]]></IsContentRequired>
							<IsFeedback><![CDATA[False]]></IsFeedback>
							<LastChanged><![CDATA[03-05-2013 09:16:56]]></LastChanged>
							<LastChangedBy ID="11">
								<EmailAddress><![CDATA[vir@balk.dk]]></EmailAddress>
								<Name><![CDATA[Vibeke Romney Lauridsen]]></Name>
							</LastChangedBy>
							<Images />
							<Content></Content>
						</ItemField>
						<ItemField ID="498">
							<Caption><![CDATA[Sammendrag]]></Caption>
							<Created><![CDATA[03-05-2013 09:16:18]]></Created>
							<CreatedBy ID="11">
								<EmailAddress><![CDATA[vir@balk.dk]]></EmailAddress>
								<Name><![CDATA[Vibeke Romney Lauridsen]]></Name>
							</CreatedBy>
							<FieldTypeAsValue><![CDATA[3]]></FieldTypeAsValue>
							<FieldTypeAsEnum><![CDATA[Html]]></FieldTypeAsEnum>
							<HasContent><![CDATA[True]]></HasContent>
							<Index><![CDATA[2]]></Index>
							<IsContentRequired><![CDATA[True]]></IsContentRequired>
							<IsFeedback><![CDATA[False]]></IsFeedback>
							<LastChanged><![CDATA[03-05-2013 09:17:06]]></LastChanged>
							<LastChangedBy ID="11">
								<EmailAddress><![CDATA[vir@balk.dk]]></EmailAddress>
								<Name><![CDATA[Vibeke Romney Lauridsen]]></Name>
							</LastChangedBy>
							<Images />
							<Content><![CDATA[<p>
	Orientering om status for eDagsorden.</p>
]]></Content>
						</ItemField>
						<ItemField ID="499">
							<Caption><![CDATA[Baggrund]]></Caption>
							<Created><![CDATA[03-05-2013 09:16:18]]></Created>
							<CreatedBy ID="11">
								<EmailAddress><![CDATA[vir@balk.dk]]></EmailAddress>
								<Name><![CDATA[Vibeke Romney Lauridsen]]></Name>
							</CreatedBy>
							<FieldTypeAsValue><![CDATA[3]]></FieldTypeAsValue>
							<FieldTypeAsEnum><![CDATA[Html]]></FieldTypeAsEnum>
							<HasContent><![CDATA[True]]></HasContent>
							<Index><![CDATA[3]]></Index>
							<IsContentRequired><![CDATA[True]]></IsContentRequired>
							<IsFeedback><![CDATA[False]]></IsFeedback>
							<LastChanged><![CDATA[03-05-2013 09:17:19]]></LastChanged>
							<LastChangedBy ID="11">
								<EmailAddress><![CDATA[vir@balk.dk]]></EmailAddress>
								<Name><![CDATA[Vibeke Romney Lauridsen]]></Name>
							</LastChangedBy>
							<Images />
							<Content><![CDATA[<p>
	<span face="">eDagsorden har fungeret i lidt over et &aring;r og blev indf&oslash;rt i forbindelse med digitalisering af udvalgsbetjeningen i efter&aring;ret 2011, herunder elektroniske dagsordener og bilag til brug for politiske og interne m&oslash;der mfl.</span></p>
]]></Content>
						</ItemField>
						<ItemField ID="500">
							<Caption><![CDATA[Sagsfremstilling]]></Caption>
							<Created><![CDATA[03-05-2013 09:16:18]]></Created>
							<CreatedBy ID="11">
								<EmailAddress><![CDATA[vir@balk.dk]]></EmailAddress>
								<Name><![CDATA[Vibeke Romney Lauridsen]]></Name>
							</CreatedBy>
							<FieldTypeAsValue><![CDATA[3]]></FieldTypeAsValue>
							<FieldTypeAsEnum><![CDATA[Html]]></FieldTypeAsEnum>
							<HasContent><![CDATA[True]]></HasContent>
							<Index><![CDATA[4]]></Index>
							<IsContentRequired><![CDATA[True]]></IsContentRequired>
							<IsFeedback><![CDATA[False]]></IsFeedback>
							<LastChanged><![CDATA[03-05-2013 13:14:51]]></LastChanged>
							<LastChangedBy ID="11">
								<EmailAddress><![CDATA[vir@balk.dk]]></EmailAddress>
								<Name><![CDATA[Vibeke Romney Lauridsen]]></Name>
							</LastChangedBy>
							<Images />
							<Content><![CDATA[<p>
	<span face="">Der gives en status p&aring; implementeringen af eDagsorden.</span></p>
<p>
	<span face="">Det dr&oslash;ftes, hvordan eDagsorden fungerer, herunder sp&oslash;rgsm&aring;l og tilbagemeldinger fra Kommunalbestyrelsens medlemmer samt opf&oslash;lgning derp&aring; dr&oslash;ftes. </span></p>
<p>
	<span face="">P&aring; KMB IT-udvalgets m&oslash;de deltager sekretariatschef Mette Louise Ebdrup fra Sekretariat for Politik og Ledelse under behandlingen af sagen.</span></p>
]]></Content>
						</ItemField>
						<ItemField ID="501">
							<Caption><![CDATA[Økonomiske konsekvenser og finansiering]]></Caption>
							<Created><![CDATA[03-05-2013 09:16:18]]></Created>
							<CreatedBy ID="11">
								<EmailAddress><![CDATA[vir@balk.dk]]></EmailAddress>
								<Name><![CDATA[Vibeke Romney Lauridsen]]></Name>
							</CreatedBy>
							<FieldTypeAsValue><![CDATA[3]]></FieldTypeAsValue>
							<FieldTypeAsEnum><![CDATA[Html]]></FieldTypeAsEnum>
							<HasContent><![CDATA[True]]></HasContent>
							<Index><![CDATA[5]]></Index>
							<IsContentRequired><![CDATA[True]]></IsContentRequired>
							<IsFeedback><![CDATA[False]]></IsFeedback>
							<LastChanged><![CDATA[03-05-2013 09:18:01]]></LastChanged>
							<LastChangedBy ID="11">
								<EmailAddress><![CDATA[vir@balk.dk]]></EmailAddress>
								<Name><![CDATA[Vibeke Romney Lauridsen]]></Name>
							</LastChangedBy>
							<Images />
							<Content><![CDATA[<p>
	<span face="">Ingen &oslash;konomiske konsekvenser</span></p>
]]></Content>
						</ItemField>
						<ItemField ID="502">
							<Caption><![CDATA[Beslutningen træffes af]]></Caption>
							<Created><![CDATA[03-05-2013 09:16:18]]></Created>
							<CreatedBy ID="11">
								<EmailAddress><![CDATA[vir@balk.dk]]></EmailAddress>
								<Name><![CDATA[Vibeke Romney Lauridsen]]></Name>
							</CreatedBy>
							<FieldTypeAsValue><![CDATA[3]]></FieldTypeAsValue>
							<FieldTypeAsEnum><![CDATA[Html]]></FieldTypeAsEnum>
							<HasContent><![CDATA[True]]></HasContent>
							<Index><![CDATA[6]]></Index>
							<IsContentRequired><![CDATA[True]]></IsContentRequired>
							<IsFeedback><![CDATA[False]]></IsFeedback>
							<LastChanged><![CDATA[03-05-2013 09:18:10]]></LastChanged>
							<LastChangedBy ID="11">
								<EmailAddress><![CDATA[vir@balk.dk]]></EmailAddress>
								<Name><![CDATA[Vibeke Romney Lauridsen]]></Name>
							</LastChangedBy>
							<Images />
							<Content><![CDATA[<p>
	KMB IT-udvalget</p>
]]></Content>
						</ItemField>
						<ItemField ID="503">
							<Caption><![CDATA[Indstilling]]></Caption>
							<Created><![CDATA[03-05-2013 09:16:18]]></Created>
							<CreatedBy ID="11">
								<EmailAddress><![CDATA[vir@balk.dk]]></EmailAddress>
								<Name><![CDATA[Vibeke Romney Lauridsen]]></Name>
							</CreatedBy>
							<FieldTypeAsValue><![CDATA[3]]></FieldTypeAsValue>
							<FieldTypeAsEnum><![CDATA[Html]]></FieldTypeAsEnum>
							<HasContent><![CDATA[True]]></HasContent>
							<Index><![CDATA[7]]></Index>
							<IsContentRequired><![CDATA[True]]></IsContentRequired>
							<IsFeedback><![CDATA[False]]></IsFeedback>
							<LastChanged><![CDATA[03-05-2013 09:19:09]]></LastChanged>
							<LastChangedBy ID="11">
								<EmailAddress><![CDATA[vir@balk.dk]]></EmailAddress>
								<Name><![CDATA[Vibeke Romney Lauridsen]]></Name>
							</LastChangedBy>
							<Images />
							<Content><![CDATA[<p>
	Sekretariat for Politik og Ledelse indstiller, at</p>
<ol start="1" style="list-style-type: upper-alpha">
	<li>
		Status p&aring; eDagsorden dr&oslash;ftes.</li>
</ol>
]]></Content>
						</ItemField>
						<ItemField ID="504">
							<Caption><![CDATA[Beslutning]]></Caption>
							<Created><![CDATA[03-05-2013 09:16:18]]></Created>
							<CreatedBy ID="11">
								<EmailAddress><![CDATA[vir@balk.dk]]></EmailAddress>
								<Name><![CDATA[Vibeke Romney Lauridsen]]></Name>
							</CreatedBy>
							<FieldTypeAsValue><![CDATA[3]]></FieldTypeAsValue>
							<FieldTypeAsEnum><![CDATA[Html]]></FieldTypeAsEnum>
							<HasContent><![CDATA[False]]></HasContent>
							<Index><![CDATA[8]]></Index>
							<IsContentRequired><![CDATA[False]]></IsContentRequired>
							<IsFeedback><![CDATA[True]]></IsFeedback>
							<LastChanged><![CDATA[03-05-2013 09:16:18]]></LastChanged>
							<LastChangedBy ID="11">
								<EmailAddress><![CDATA[vir@balk.dk]]></EmailAddress>
								<Name><![CDATA[Vibeke Romney Lauridsen]]></Name>
							</LastChangedBy>
							<Images />
							<Content></Content>
						</ItemField>
					</Fields>
					<Members>
						<ItemMember ID="888" IsInvited="True">
							<ParticipationStatusAsValue><![CDATA[0]]></ParticipationStatusAsValue>
							<ParticipationStatusAsText><![CDATA[NotDecided]]></ParticipationStatusAsText>
							<ParticipationNote></ParticipationNote>
							<Name><![CDATA[Doris Børger (A)]]></Name>
							<EmailAddress><![CDATA[dbg@balk.dk]]></EmailAddress>
							<MeetingMemberRolesList></MeetingMemberRolesList>
							<IsInvited><![CDATA[True]]></IsInvited>
						</ItemMember>
						<ItemMember ID="889" IsInvited="True">
							<ParticipationStatusAsValue><![CDATA[0]]></ParticipationStatusAsValue>
							<ParticipationStatusAsText><![CDATA[NotDecided]]></ParticipationStatusAsText>
							<ParticipationNote></ParticipationNote>
							<Name><![CDATA[Hanne Bahnsen]]></Name>
							<EmailAddress><![CDATA[hbk@balk.dk]]></EmailAddress>
							<MeetingMemberRolesList></MeetingMemberRolesList>
							<IsInvited><![CDATA[True]]></IsInvited>
						</ItemMember>
						<ItemMember ID="890" IsInvited="True">
							<ParticipationStatusAsValue><![CDATA[0]]></ParticipationStatusAsValue>
							<ParticipationStatusAsText><![CDATA[NotDecided]]></ParticipationStatusAsText>
							<ParticipationNote></ParticipationNote>
							<Name><![CDATA[Henrik Bolberg (A)]]></Name>
							<EmailAddress><![CDATA[hbo@balk.dk]]></EmailAddress>
							<MeetingMemberRolesList></MeetingMemberRolesList>
							<IsInvited><![CDATA[True]]></IsInvited>
						</ItemMember>
						<ItemMember ID="891" IsInvited="True">
							<ParticipationStatusAsValue><![CDATA[0]]></ParticipationStatusAsValue>
							<ParticipationStatusAsText><![CDATA[NotDecided]]></ParticipationStatusAsText>
							<ParticipationNote></ParticipationNote>
							<Name><![CDATA[John Madsen]]></Name>
							<EmailAddress><![CDATA[jma@balk.dk]]></EmailAddress>
							<MeetingMemberRolesList></MeetingMemberRolesList>
							<IsInvited><![CDATA[True]]></IsInvited>
						</ItemMember>
						<ItemMember ID="903" IsInvited="True">
							<ParticipationStatusAsValue><![CDATA[0]]></ParticipationStatusAsValue>
							<ParticipationStatusAsText><![CDATA[NotDecided]]></ParticipationStatusAsText>
							<ParticipationNote></ParticipationNote>
							<Name><![CDATA[Jytte Møller Christensen]]></Name>
							<EmailAddress><![CDATA[jmc@balk.dk]]></EmailAddress>
							<MeetingMemberRolesList></MeetingMemberRolesList>
							<IsInvited><![CDATA[True]]></IsInvited>
						</ItemMember>
						<ItemMember ID="893" IsInvited="True">
							<ParticipationStatusAsValue><![CDATA[0]]></ParticipationStatusAsValue>
							<ParticipationStatusAsText><![CDATA[NotDecided]]></ParticipationStatusAsText>
							<ParticipationNote></ParticipationNote>
							<Name><![CDATA[Kåre Harder Olesen (V)]]></Name>
							<EmailAddress><![CDATA[kha@balk.dk]]></EmailAddress>
							<MeetingMemberRolesList></MeetingMemberRolesList>
							<IsInvited><![CDATA[True]]></IsInvited>
						</ItemMember>
						<ItemMember ID="894" IsInvited="True">
							<ParticipationStatusAsValue><![CDATA[0]]></ParticipationStatusAsValue>
							<ParticipationStatusAsText><![CDATA[NotDecided]]></ParticipationStatusAsText>
							<ParticipationNote></ParticipationNote>
							<Name><![CDATA[Lolan Ottesen (A)]]></Name>
							<EmailAddress><![CDATA[loo@balk.dk]]></EmailAddress>
							<MeetingMemberRolesList></MeetingMemberRolesList>
							<IsInvited><![CDATA[True]]></IsInvited>
						</ItemMember>
						<ItemMember ID="895" IsInvited="True">
							<ParticipationStatusAsValue><![CDATA[0]]></ParticipationStatusAsValue>
							<ParticipationStatusAsText><![CDATA[NotDecided]]></ParticipationStatusAsText>
							<ParticipationNote></ParticipationNote>
							<Name><![CDATA[Maria Lundahl Assov (A)]]></Name>
							<EmailAddress><![CDATA[mlu@balk.dk]]></EmailAddress>
							<MeetingMemberRolesList></MeetingMemberRolesList>
							<IsInvited><![CDATA[True]]></IsInvited>
						</ItemMember>
						<ItemMember ID="896" IsInvited="True">
							<ParticipationStatusAsValue><![CDATA[0]]></ParticipationStatusAsValue>
							<ParticipationStatusAsText><![CDATA[NotDecided]]></ParticipationStatusAsText>
							<ParticipationNote></ParticipationNote>
							<Name><![CDATA[Peter Als (A)]]></Name>
							<EmailAddress><![CDATA[pka@balk.dk]]></EmailAddress>
							<MeetingMemberRolesList></MeetingMemberRolesList>
							<IsInvited><![CDATA[True]]></IsInvited>
						</ItemMember>
						<ItemMember ID="897" IsInvited="True">
							<ParticipationStatusAsValue><![CDATA[0]]></ParticipationStatusAsValue>
							<ParticipationStatusAsText><![CDATA[NotDecided]]></ParticipationStatusAsText>
							<ParticipationNote></ParticipationNote>
							<Name><![CDATA[Søren Krøigaard]]></Name>
							<EmailAddress><![CDATA[sor@balk.dk]]></EmailAddress>
							<MeetingMemberRolesList></MeetingMemberRolesList>
							<IsInvited><![CDATA[True]]></IsInvited>
						</ItemMember>
						<ItemMember ID="898" IsInvited="True">
							<ParticipationStatusAsValue><![CDATA[0]]></ParticipationStatusAsValue>
							<ParticipationStatusAsText><![CDATA[NotDecided]]></ParticipationStatusAsText>
							<ParticipationNote></ParticipationNote>
							<Name><![CDATA[Ulrik Falk-Sørensen (F)]]></Name>
							<EmailAddress><![CDATA[ufs@balk.dk]]></EmailAddress>
							<MeetingMemberRolesList></MeetingMemberRolesList>
							<IsInvited><![CDATA[True]]></IsInvited>
						</ItemMember>
					</Members>
				</Item>
			</Items>
			<Enclosures>
				<Enclosure ID="7" ItemID="113" AgendaID="32" MeetingID="26" CommitteeID="8" CommitteeGroupID="6">
					<Case ID="0">
						<Number></Number>
						<NumberAndTitle><![CDATA[ - ]]></NumberAndTitle>
						<Title></Title>
					</Case>
					<Created><![CDATA[02-05-2013 13:58:46]]></Created>
					<CreatedBy ID="10">
						<EmailAddress><![CDATA[jbd@balk.dk]]></EmailAddress>
						<Name><![CDATA[Jette Brøndum]]></Name>
					</CreatedBy>
					<FileLength><![CDATA[94198]]></FileLength>
					<FileName><![CDATA[Brev fra KL til Kommunalbestyrelsen vedr Monopolbrud.pdf]]></FileName>
					<LastChanged><![CDATA[02-05-2013 13:58:46]]></LastChanged>
					<LastChangedBy ID="10">
						<EmailAddress><![CDATA[jbd@balk.dk]]></EmailAddress>
						<Name><![CDATA[Jette Brøndum]]></Name>
					</LastChangedBy>
					<Name><![CDATA[Brev fra KL til Kommunalbestyrelsen vedr Monopolbrud]]></Name>
					<Number><![CDATA[1]]></Number>
					<FileSize><![CDATA[91 KB]]></FileSize>
					<ItemNumber><![CDATA[3]]></ItemNumber>
					<Index><![CDATA[1]]></Index>
					<InstantiationFileName><![CDATA[1.pdf]]></InstantiationFileName>
					<InstantiationFilePath><![CDATA[c:\publish\eDagsorden\Publication32\Enclosures\1.pdf]]></InstantiationFilePath>
					<InstantiationFilePathRelative><![CDATA[Enclosures\1.pdf]]></InstantiationFilePathRelative>
					<DownloadUrl></DownloadUrl>
					<Data></Data>
				</Enclosure>
			</Enclosures>
		</Agenda>
	</Agendas>
</Publication>